story_id,prompt_id,prompt,story,model,word_count,wc_diff
0,0,"When you die the afterlife is an arena where you face every insect and animal you killed in your life. If you win you go to heaven, lose you go to hell. Your job was an exterminator on earth.","3,000 years have I been fighting. Every morning, the raccoons scratch at my eyes. Every evening, the skunks spray me while the opossums chew at my feet. I have never had any tools. I have only my hands. I don’t remember the place I came from before this. All I remember is the daily fight between me and these animals. No matter how many times I kill them, they come back the next day. No matter how many times I’ve ripped them limb from limb, they are here for their appointment the next day just as eager to tear me apart. They want my body to be destroyed beyond recognition, and most days they succeed. When I wake up in the morning, all my wounds from the day before are gone. Not even a scratch on my little toe. Why do these animals want to hurt me so bad? What have I done to deserve this fate? All I know anymore is fighting. The struggle. But we aren’t struggling for a purpose, we’re just here. No one else has ever peered in to our forest, no Devil, no God. Just myself, and a million animals who want nothing more than to see me dead. But I can’t die. I’ve tried.",Human,217,0
1,1,A new law is enacted that erases soldiers memories of their time at war.,"“Dad, you 're on TV again !” I heard Eric 's voice from the living room. I tried to stay away from the TV as much as I could; I always felt vaguely uneasy watching it. And I had *certainly* never seen myself on it! Had I? My memory was n't what it had been before the Great War, a fact my doctor blamed on the residual toxins in the air from all the bombs. I had n't actually served on the front lines, I remember now. I had some hazy memories of six years spent at the base, helping to train the real soldiers and spending long hours on guard duty. I itched absently at my left leg. It always began to hurt whenever I thought too much about the Great War, one of the many reasons I rarely did. As I did every time I itched it, I felt a strange feeling that it was n't exactly a part of my body, that it did n't belong there. But I had talked to my doctor about it, in one of my bi-monthly meetings with him, and he told me not to worry. And so I did n't worry. I stopped itching my leg, and stopped fighting the near-overpowering impulse to *STOP THINKING ABOUT THE WAR*. “Dad, you never told me you won a medal !” Eric called again, and I smiled faintly. I did n't know what he was watching, but it must have been a fake documentary, I had certainly never won any medals ... Had I? *STOP THINKING ABOUT THE WAR. *",Human,270,0
4,4,"You have become death, destroyer of worlds.","I saw the button. It was simple, red, no words on it as I already knew what it did. I mean I built the button, I built what happens when you press the button, and I was given the choice of whether or not to push the button. Humanity was screwed, that much was apparent, Plagues and starvation across 3 planets and 6 space stations. That was why they approached me and now they have given me a choice, Save humanity and doom the universe, or annihilate humanity to save the universe. I knew what must be done. With my hand on the button I whispered 'May the universe finally know peace'. With that said the button was finally pressed. There were no warning lights, no countdown, just white and then nothing. 4 Quintillion people died when I pressed that button, killing every human in the solar system. I had become death, destroyer of worlds.",Human,155,0
5,5,"You are a guardian angel. You did your job too well once, and since then your human believes he 's immortal. Whoops.","“Goddamn, Ian, ” I sigh as I watch that brat risk his life. Again… This time he decides to jump into the lion’s pit at the local zoo. And as soon as he lands inside, he darts towards the *people-eating* animals with his shit-eating grin. I swear if it wasn’t for me being immortal myself, he would give me an aneurysm. After all, it isn’t my fault. I’m good at my job, so sue me. I’ve worked hard to give the guardian angels a good name but I never expected anything like this to happen. This all started about a week ago. Ian was skateboarding, not wearing any safety gear because his mom’s a miserable drunk and his dad’s only a few IQ points short from a brick. Anyway, I’ve saved him from little things here and there throughout his life but he was beyond screwed that time. Like on a dead-on collision with a semi screwed. Yet I managed to save him at the expense of a broken tooth. And in hindsight, my sanity. Shortly after, he became the talk of the town. Doctors were baffled, pastors called it a miracle, and everyone seemed to have their eyes on the “wonder child” . You see, surviving accidents like that create an ego the size of Texas, much too large for a fourteen-year-old moron. He got some crazy notion that he was immortal and started to do a whole bunch of daring stuff – all things I had to yet again save him from. And from that, he grew worse with time. I’ve not been able to take my eye off of him for a moment in fear that he will die in some horribly gruesome way. After all, he’s my money maker. Which leads us back here, watching him teeter on the brink of death as he tries to wrestle a pack of lions. I consider standing on the sidelines for this one. After all, he will only learn through experience. It’s like what they say: “What doesn’t kill you makes you stronger.” But of course, he’s much more likely to die than become stronger. He lets out a nervous chuckle as the lions stir from their slumber, stalking towards him. When they bare their teeth, the fear in his eyes is unmistakable. I shrug my shoulders, flying into the pit to save his sorry ass for the umpteenth time. It doesn’t take much, anyway. Animals can sense guardian angels and usually get the memo to back off. If not, there are other ways to subdue them. To my relief, the lions comply and return to their side, ignoring Ian’s juvenile insults. Once he sees they won’t attack him like planned, he crawls out of the pit. And once he leaps over the railing, he no doubt makes his way to the next dangerous animal he can find. I push my fingertips into my temples, regretting my life choice more than ever before. This is going to be a long day.",Human,520,0
6,6,"After brushing your teeth in the morning you go downstairs to fry an egg, but when you try the frying pan buzzes at you and text appears reading, “level 18 cooking required to use object”.","I lifted the box of cereal, tilted it down a bit, and sent a shower of Lucky Charms cascading into the bowl. Then I lifted the jug of milk over it and tilted until it glugged out on top of the cereal. I picked up the bowl, carried it to the sink, and threw it down the drain. Then I returned to my seat at the counter. I lifted the box of cereal, tilted it down a bit, and sent a shower of Lucky Charms cascading into the bowl. Then I lifted the jug of milk over it and tilted until it glugged out on top of the cereal. I picked up the bowl, carried it to the sink, and threw it down the drain. Then I returned to my seat at the counter. I lifted the almost-empty box of cereal, tilted it down a bit, and sent a shower of Lucky Charms cascading into the bowl. Then I lifted the jug of milk over it and tilted until it glugged out on top of the cereal. I picked up the bowl, carried it to the sink, and threw it down the drain. Then I returned to my seat at the counter. “Level 12 cooking reached !” a voice announced from every corner of my kitchen. “Great ,” I grumbled. I eyed the half-empty pallet of cereal boxes in my dining room next to the twenty-something gallons of milk I 'd bought. Outside, the sun had nearly reached its apex. Noon already? I 'd first tried to make eggs at 7:30 AM. “Only a few more hours of grinding till I can have my damn breakfast .” -- -- This story brought to you by the millions of iron daggers crafted in Skyrim while trying to level up my smithing skills.",Human,300,0
9,9,You possess an ability to turn off one or more of your senses to heighten the others. Today is the day you make a mistake.,"At the Grand Canyon, there are many tourists trying to take pictures to make this memory last forever. However, I am near the edge of the steep canyon, amplifying my sight by ridding myself of hearing. It 's quite peaceful, looking at the true beauty of the canyon while no one is talking to you. Someone gets in front of me, and I decide to push in front of them. This is my view, and nobody will ruin it. I feel hands grab me, but slip off. I felt a sudden drop in my stomach as I flipped to see what was happening. I was falling, the people trying to help me at the edge. Looking to my right, I saw the person I had pushed flailing by my side. I made a mistake. A mistake that got both me, and my mother killed.",Human,144,0
10,10,Write about something that is disgusting or ugly in such a way that it becomes something beautiful -- without using the 'beautiful inside'cliche.,"They found him in a bin. He had 2 broken legs, his fur and skin had been burnt, he was blind in 1 eye, and he smelt like rotten flesh. They named him groucho. They took him to the nearest rescue centre, they cleaned him, they put his legs in casts, then helped him learn how to walk again. His fur grew back, his tail began to wag again, he learnt how to trust humans again. He sat In his crate and when humans came to visit, he sat and wagged his tail when they walked past him, his tail still wagged even when they picked another dog to take home. Weeks went by and his tail kept wagging every day, every vist, until eventually he found his new owner, who took him away to his forever home, and loved him the way a dog is meant to be loved. And he loved them back unconditionally.",Human,156,0
13,13,"One normal day you see a mouse pointer move across your field of vision, right click, and delete an object.","It was a long tiring day as usual. I leaned on my sofa throwing my bag on to the near by table. Slowly dozed off to sleep. My imaginations rushed in, I could literally feel my dream and it was of none other than an episode which caught my attention today. Me and one of my colleague were having lunch and a small boy standing outside the canteen was cleaning the window panes, he was hardly 10. Full greased head to foot, filthy clothes, torn shoes but with a cherry red lips and a droopy eyes filled with all innocence he could gather within it. It was raining and he was shivering after a while. He sat loopy near the window base facing me. I was having coffee then. As we started staring at each other I felt difficulty in drinking my coffee. It was nothing but me sitting comfortably inside the cafe warm and the boy now half drenched killed me within. I could n't read any thing from his face that he is not liking what he is going through. I called him and offered him a tea. Gladly he accepted it! I asked dont you feel cold, he told no I feel close to nature. I was so taken by the love and spirit he had within and his love for nature, the smallest things which I could n't realize which he made me feel was aw inspiring. I wish I had a mouse with me to take of the poverty in his life with a click, and fill his childhood with all the beautiful things he deserve. And soon i realized this was a beautiful dream, a dream that i would love it to come true. Daffodils",Human,293,0
14,14,A magical mirror shows your reflection and your future soulmate. You only see your reflection.,"Carnival music seemed to dance in the background. A cacophony of color and knick knacks decorated the fairgrounds. It was just another day at the carnival. I sit at my stand reading another old junky sci-fi novel. “So how much to see it? ” Some pre-teen girl interrupted my book with her piercing voice. I sigh towards her and lean in. “Ten dollars, just like the sign says.” “And it works? ” “So I’m told. ” “You mean you’ve never looked? ” “Nope, ” I say, picking my book back up. “Well why not.” “Because some things in this life should be a mystery, ” I reply. “Well I want to see, ” she says. I tap on the money box and she places her ten dollars in. I watch her go in and wait for the audible reaction. After a couple of seconds I can hear an excited squeal. She runs out jumping up and down. “He’s so handsome! ” I can see her run off in excitement. I smirk. Another idiot, I think to myself. The carnival director walks up shortly after. “Time to start packing up, Isaac, ” he says. I nod and begin to break down my stand. My table is put away, and the money is locked up now. It’s that time again to put away the mirror. I stand in front of it like every other day. It’s just me, again. Same as yesterday, and the day before that, I am alone in the reflection. I smile at my reflection as I cover the mirror. I put the tent and everything in the back of my trailer with a skip in my step. You have to feel sorry for these suckers, I think. They’re destined for one person only. Who knows if they’ll ever find them? At least I know where to always find myself.",Human,311,0
17,17,Michael Meyers just discovers that Freddy Krueger and Jason Vorhess exist and he is n't happy about it ...,"Scissors for hands? Hockey masks? Invading dreams? Stalking campers? Is this what I 'm competing against? Such juvenile psychopaths. Such weak jokes, come on Freddy, really? Making fun of a bulimic girl is just too low for me. I 'll stab abdomens with zeal, but to bring humour, heck, even my voice! , to my murders is the sign of an amateur. And Jason ... you should 've stuck to that camp, and I ca n't believe I 'm saying that. When you went to New York, that was just shameful. When you went to space, yes, space, I thought someone has slipped me mushrooms under my mask. “Painful” does n't even begin to describe that episode in your sad sad life. Man. I miss Pinhead.",Human,126,0
18,18,Mark Zuckerberg decides to end Facebook. He 's going to pay users $ 1 for every “Like” they accumulate until the company is bankrupt.,"“I 'm sorry ladies and gentlemen, but we must go to some breaking news ,” said the news anchor, Mark Matthews. “Our producers are telling me that as a result of the announcement from Mark Zuckerberg, heavy rioting and unrest have broken out across the country. We 'll take you now to Laura Harris who is on the scene at one of the protests .” “Yes, that 's right Mark, it is absolutely crazy down here, just outside of the downtown area. People are in the streets lighting fires, looting, and engaging in violent protests against Mr. Zuckerberg 's decision to shut down Facebook .” “Laura, have you been able to speak to any of the rioters ?” “Yes, Mark, I just spoke to a woman named Janice Schultz. She 's completely upset that she 'll no longer be able to share her family pictures and daily activities with everyone online, and let her children know that she 's such a great mother .” “Thanks very much Laura ,” Mark said. “Now we 're going to speak with Dr. Phillip Anderson, a psychologist from the University of Michigan. Good evening, Doctor .” “Good evening, Mark .” “Can you tell us what would cause this kind of unrest by so many people as a result of the eventual shut down of Facebook ?” “Well it 's not that cut and dry. However, studies have shown that the majority of remaining Facebook users are narcissists who use the service as a means of getting themselves attention, feeding their egos, and manipulating others .” “Do these people find any consolation in the money that Mr. Zuckerberg is offering in exchange for the likes that they accumulate before the shutdown ?” “For the most part, they do not. Only those who accumulate a large number of likes, and therefore garner attention from more people, will be able to feed their narcissistic needs. Others will be jealous and likely try to start drama in order to draw attention to themselves instead of the more popular users .” “That 's quite fascinating, doctor. Thank you for the insight. Coming up after the commercial break, what have we learned from the ebola outbreak of 2014 ?”",Human,356,0
19,19,The Little Black Box,"I held the little black box in the palm of my hand. Pitch black, perfectly cubed and nothing special about it, but it continued to hold my gaze regardless as if there were some deep importance about it. My friend Valhalla appeared out of no where and sat next to me, also staring at the cube. “What do you have there, Heaven ?” he asked. I continued to gaze at the box, refusing to look at Valhalla for even a moment as though I would miss something if I did. “This ,” I said. “Is the secret to the universe .” I could tell Valhalla was perturbed by this sort of knowledge, as if there was some evil about the cube. Or perhaps he did n't think such an object could exist. But I made it exist, and so it sits in the palm of my hand. He reached out to the cube slowly. “How is that the secret to the universe ?” I moved my hand away. “Do n't touch, it 's extremely delicate. It just is, like me .” “Just is ?” It was clear he did n't understand anything about the dynamics of the cosmos. “Valhalla, when you look at me, what do you see ?” “My friend, a boy like me .” I nodded. “There 's something else too. The one similarity between this cube and me .” Valhalla gave a sideways glance. “You 're both ... absolute ?” “Precisely. Me and the cube are absolute. When I wipe the existence of the universe, it goes into this cube and expands it infinitely. I become a part of the cube, trapped inside of it. It is black on the outside, white on the inside. There is no way to destroy or remove this cube from existence. It can only shrink or grow .” “I see. So why are you staring at it ?” If it was n't obvious enough already. “The universe is fascinating. I ca n't see all of it at once, I ca n't see very far to begin with. The future is blank, past is filled but also empty. I make of it what I will, and I always find it fascinating, because even still I can not understand it .” “You ca n't understand the universe ?” “Can you ?” “I guess not .” “The cube understands, and so I find it fascinating to watch .” “Cool. Well, me and the others were going to play a game of hide and seek. You want to join ?” I clasped my hands and made the cube vanish. “Sure !” -011",Human,424,0
22,22,"Write a horror story with no gore or death, not even implied.","He was almost free. The thought of being held captive in that chair for much longer was eating at him. He squirmed when he heard footsteps approaching. No. Not now. He was almost free. The freedom beckoned to him every time he glanced at his watch or gazed at the door. But the footsteps signaled that he would n't make it. He was almost free. The footsteps could be heading to another cell, to another person eager to escape, but he doubted it. The footsteps were coming for him. He was almost free. Just a few more minutes and he would be free to make a break for it. His escape route was planned out well in advance. But the footsteps stopped behind him. He braced himself. He was almost out. But the hand fell on his shoulder. The voice, trying to sound sympathetic, merely said “yeah, we 're gon na need you to come in tomorrow .” He was almost free. And he muttered barely audible, “but it 's Saturday…”",Human,171,0
23,23,Pitch a gritty reboot for a children 's show.,"> > > ♬ Hull integrity at 57 %, Commander. ♬ “I know. Shut up .” The figure collapsed by the airlock, a gaping hole through the side of his EVA suit. Medigel spread over the burn beneath, but it only delayed the inevitable. “Crew status ?” > > > ♬ Crewman Quincy is op-er-a-tion-al. ♬ > > > ♬ Navigation Officer June has severe internal bleeding. ♬ > > > ... > > > ♬ Annie 's suit is no longer- ♬ “Shut the /fuck/ up. I know .” His hands trembled. How had the Jet managed to get away with it? The reports of missing biological weapons had n't even arrived till he was in orbit. Now, with the weapons armed, there were only minutes till the entire east coast was wiped out. He took a shaky breath. “... Alright. What do we have, Rocket ?” > > > ♬ Weapons platforms are offline. ♬ > > > ♬ Shielding offline. ♬ > > > ♬ Hull breaches in decks D through F. ♬ > > > ♬ Sublight thrusters are 25 % operational. ♬ > > > ♬ Reactor core damaged. Estimated meltdown- ♬ With a quick gesture, he silenced the onboard AI. Coughing up blood, he reached up, entered in new coordinates, and keyed the intercom. “Leo to crew .” He paused a moment before continuing. The flashing indicator lights on the console picked up speed. “I 'm not going to lie, our situation is dire. We do n't have many options .” In the medbay, the remaining crew of the Einstein fell silent, awaiting some sort of good news. Inspiration. Anything. “We 've lost so much to Jet. Friends, allies, coworkers. Knight. Mouse. Red. My sister .” Silently, a warning flashed across every display on the bridge. > > > Impact in thirty seconds. Abort? “If we do n't act here and now, we 'll lose hundreds of thousands more .” Quincy rushed for the bridge. > > > Impact in fourteen seconds. Abort? “It 's been an honor serving with you .” The crewman 's breath caught in his throat as he sprinted towards the front of the ship. Leo /could n't have/. > > > Impact in ten seconds. Abort? The commander 's fingers clawed into his armrests. The Einstein had no weapons - save one. The onboard reactor. Three lives to save thousands. > > > Impact in five seconds. Abort? Howling, Quincy pounded his hands against the titanium door. > > > Impact in three seconds. Abort? [ “... We 're going on a trip in our favorite rocket ship ... .” ] ( https: //www.youtube.com/watch? v=7eL1Bfv8Y9k )",Human,375,0
26,26,"Google image finally opens face recognition to the public. For fun you submit a picture of yourself, and find lots of photos of yourself in places you 've never been to.","*What the ... .* “AIDAN! !! !” My boyfriend appears around the corner. “Did you do this ?” “Uh ... Nope. I most certainly did not ... Do what? And when did you go to 1600s England? And who is that guy ?” “I did n't. And I have no idea! If this is some sort of prank, Aidan ...” “It is n't, Nova, I swear! I do n't know what this is !” I had to laugh at the genuinely scared look on his face. Then, suddenly, he ran back over to the computer. “That man looks like ... David Tennant! And ... is that a TARDIS in the background! ?” I looked again. “Looks like it. Hmm ...” Suddenly ... *vworp vworp* something rectangular and blue started fading into view. “Hello !” said a man -the man from the photo! - stepped out of a blue box. “I 'm the Doctor! And who are you ?” “N-Nova ...” “Hello Nova !”",Human,147,0
27,27,"A man never sleeps, has never had to, and does n't suffer physically from this condition ... What would he do? What would his life be like?","The hard part about polygamy is n't finding soul mates, that 's never been difficult for me, the hard part is finding soul mates with suitable schedules. If you 're going to play favorites with your wives you might as well just have a mistress, a kept woman on the side that you can buy with a cheap apartment and a nice cable package. Save your love and sacrifice for the “real” woman in your life and cast off the other once you 've burned through the pretty. A disgusting habit. If you 're truly going to do polygamy right you ca n't play favorites. It 's simply a matter of filtering out some of the loves of your life based on something superficial. Her work schedule. Who knows if I would be able to enjoy the life I currently lead if it were n't for my curious affliction. I 'd like to think that if push came to shove I 'd be able to make the time for my wives. I 'd like to believe that I 'd work cat naps into my routine and suffer gladly. But as it stands I do n't have to. I can see my boys off to school in the morning, work a full eight hours, greet them and their mother when they get back to the house and have a full dinner all before heading to Monica 's apartment to wake her for the graveyard shift. To some men I know that my lifestyle sounds like a nightmare but I love it. It keeps me busy. When you 're like me it 's important to fill the hours with the ones you love.",Human,285,0
30,30,"Aliens have arrived, and ask for a single human to plead humanity 's case and save them from extinction. The human is selected through a lottery of the entire human race, and on the day of the drawing, your name is picked.","I 'm not especially smart. Maybe that 's why everyone seems to hate me. My job, of course, was one that required someone especially smart. Someone like Winston Churchill 's third nephew or Abraham Lincoln 's half ancestor. But they chose me. Was n't my fault, being chosen. I mean, shit, I did n't even apply for the job. I applied for almost 20 jobs over the summer and the one that chooses me was the one job in the whole God-damned universe that I did n't even want. I got a call back from Safeway as well, but they were just trying to give me advice on what to say. So many people trying to give me advice on what to say. I suppose being chosen to be the voice of the entire species puts a certain target on your back, one that means, *Hey, come manipulate me or we all fuckin'die! * But they chose me, the aliens did. They chose *me* to plead the case of Humanity 's existence, not Einstein 's lesser known son. *Me. * I walked passed one of the countless shops playing my speech on the TV. It was a McDonalds, for crying out loud. Were they even aloud to have TV 's in their windows? I supposed it did n't matter, since we would all be dead soon anyway, but shit. As always, they cropped it out to show only the bad part. The subtitles spelled out the words so even the deaf could see my fuck up. “If you decide to exterminate us, make damn sure you do it right the first time, or we 'll come after you .” The picture switched to a news anchor drinking straight out of a bottle of vodka. “He 'd *killed* us all !” The subtitles said. How technology has achieved emotions and punctuation in subtitles was beyond me. “Asshole !” An old man threw a McChicken wrapper at my head as he passed. I headed in. Maybe they were hiring.",Human,338,0
32,32,"You swear that you keep seeing the same woman in blue every time you go on family vacation, when you turn 18, you are introduced to her.","“Ummm ... hi .” Said the girl in the blue dress. There she was, framed in the doorway like it was a portal to another world. She was taller than Sam was by about a head, with eyes that matched the sea at dusk and hair the color of the dunes. A gust of wind ruffled her periwinkle dress, blowing a lock of her hair astray. She tucked it away nervously, avoiding his gaze. But Sam had already seen all that he needed to. He had seen it all before, a hundred times over a dozen trips to their little cove. But this time, out of all the times before, he was awake. *The girl in blue* ... He mouthed silently. Her blush deepened, and his own darkened to match once he realized she was watching him closely enough to understand. To his surprise, she smiled. “Sam, are you listening ?” His father said, providing a welcome distraction from his thoughts. “This is Meredith, she 's going to be staying with us for a bit while we 're in town. Now, I know she 's very pretty, but she 's the mayor 's daughter - so try to contain yourself .” “Dad !” Sam said, feeling his cheek burn even brighter. Luckily, at that moment the girl extended her hand. “Hi. I 'm ... Meredith. Nice to meet you .” She smiled just a bit wider. Sam reached out and took her hand. “Hi Meredith. I 'm Sam. And ... I know this is a little bit cheesy, but I think I have seen you in my drea-” Meredith woke up. She rolled over, silencing her second alarm with an almost-casual swat. 10:30. She was going to be late. Panic flooded her system, and before she consciously knew it her feet had hit the wooden floor of her room. She dressed, brushed her hair, and in a flash she was out the door. Today, of all days, she had no time to waste. Three streets down, across a little wooden bridge over a stream, and she was there. A cabin, one of dozens. But this one was special. The door opened, and there he was. Framed in the doorway like it was a portal to another world. Short, but endearing. His face was kind. It was exactly as she remembered it. But this time, out of all the times before, she was awake. “Ummm ... hi .” She stammered. She hoped that he did n't notice her blush.",Human,409,0
34,34,The monster under your bed is protecting you from something much worse.,"He 's been my best friend since I was a child. I 've always felt different from the other kids. Growing up in a rich neighborhood, I never had what the other kids had; Ash got his first Pokemon when he was 5; Gary, when he was only 3. Because human-Pokemon interactions were highly encouraged, they would often bring their Pokemon to school and bully me with “Water Gun” and “Ember”. After one particularly bad day of bullying, I ran deep into the feared Turnback Cave and wept for hours. Why did they have to bully me? Just because my parents could n't afford the Pokeballs needed to catch Pokemon should n't mean that I could n't afford the barest respect from my peers. As my tears dried and the sobs turned to sniffles, I began to try to find my way out, only to discover that I was more lost than Diagla 's Adamant Orb. I heard crying and whimpers ahead, and, after approaching the sound, found several Geodudes and Onix intimidating a chubby and helpless Gible. Using my body, I protected Gible from the relentless punches and rocks thrown. It was the first time I was able to connect with another being. We both suffered at the hands of the many. As time went by, Gible and I became close friends. Though he maintained his stubby stature, his loyalty grew, and we gained each other 's respect. The first time I brought Gible to school was about a year after I met him. I could n't bear to leave him locked in my room alone for such long periods of time. The recess bell rang, and I headed out to almost certain harassment again. This time, though, I prepared myself for even greater harassment, as I would need to protect Gible at the same time. I could only strain my ears in hope that the bell would ring and call us back into the ( relative ) safety of the classroom. Rocks pelted my back, water stung my eyes, and fire charred my eyebrows. Suddenly, however, Gible began to glow, evolving into a powerful Gabite! No longer stubby and helpless, Gabite sported wicked sharp claws and a lean, muscular body covered in a hard shell. It seemed as though Gible had had enough of being a weakling and decided to fight back and to stand up. That day, my Pokemon and I grew closer together. It would not be the last time that Gible, now Gabite, would protect me from outside assault. As he grew rapidly in size and strength, the small bed I had formed for him was no longer able to house his powerful frame, and he soon moved under my bed. Though Pokemon to others may seems like monsters, my Gible was never monstrous. He was and still is the loyal and friendly Pokemon that I met so many years ago. This is my first prompt, and I 'm half asleep right now, but all criticisms ( especially content based ones, this is harder than i thought ) are welcome!",Human,516,0
35,35,"Every single time anyone begins a story, from a grade two assignment to a 300 page novel, it creates an actual universe where the stories laws and characters are real, and are at the mercy of their creator. Unfinished stories create a hell like no other.","Imagine a life controlled by a man in the sky who decides what happens to you every single moment of every single day according to his whim and fancy. Your existence is nothing but a play toy to him. You serve no purpose other than to entertain his audience. I 'm not saying that such a life is necessarily bad, because more likely than not, you end up living happily ever after - because who does n't love a perfect fairy tale ending? It 's those stories that have n't been completed, however, that are the true nightmares. Imagine your life put on hold. Time goes by, yet nothing happens. At first, you have hope. Hope that your life too will have a happy ending just like everyone else. Hope is both mankind 's greatest strength and weakness. Hope keeps us pushing forward when everything seems to be against us. Yet, that same hope makes us blind to the true world around us. We chase after things that were never meant to be. As days go by, hope gets replaced by anxiety. You spend your days thinking - worrying - obsessing about what might happen next. Doubt begins to creep in. Will you have a happy ending? Will you have an ending at all? Days become weeks. Weeks become months. Months become years. Yet here you are, stuck in the same spot in your life. You now feel the pain of rejection. Do you not deserve to live happily ever after? Did the man in the sky decide you were not worth the effort? Is your existence really that meaningless that he does not even bother to finish your -",Human,278,0
36,36,write a scary story that will make me never want to use stairs again.,"They all knew his name, but no one dared speak it. He lurked beneath every step, between every landing. At the mere mention of his name, they were tormented with nightmarish visions of sweat-soaked faces and the pounding of their feeble hearts. The thought of his soulless eyes plagued their everyday lives, forever haunting their minds with sickening memories: gasping for their last breaths, collapsing and clawing at the floor, anything to escape *him*. Their fear was so great that they would lock themselves into metal prisons of awkwardness known as *elevators* simply to elude his presence. There they would stand in painful silence, waiting uneasily for the torment to end with the sweet release of the *ding*. Yet nothing could surpass the anguish of the Stairway. They would even resort to the human meat grinders known as *escalators* over the terror of his homestead. Yet some succumbed to his sinister coaxing. Some honored him with horrifying rituals of masochism to be rewarded with toned muscles and lean bodies … but at what cost? Only people such as these were found lurking in the desolate wastelands of the Stairway as the others averted their eyes with dread and disgust. He claims more souls with every passing day. And he will never rest. Not until every person on Earth has suffered the agony of the Stairway. His name? *Exercise*.",Human,228,0
40,40,"In an alternate universe, gunpowder was never invented. What does warfare look like?","I could n't believe what was happening, i was supposed to open a bakery, not be a soldier. Here i was, covered in the blood of other men, my friends and brothers scattered in pieces all around me. “I WAS SUPPOSED TO BAKE BREAD !” I screamed, rising from the trenches, my boots sloshing with blood and filth. “I WAS SUPPOSED TO MAKE PEOPLE SMILE !” I raged, marching towards the enemy, my armor once shining and silver was now gleaming and red. The enemy gazed in fear at me, they had met others from my city, the barber, the teacher, even the doctor, and now they faced the Baker of seville. My hands ached for a weapon, the bezerker chems coursing through my blood as my armor injected me with shot after shot of stims, the safety long overridden in my attempt to save my home. I lifted my rolling pin and hefted it to my shoulder, even with the stims it was heavy, weighing in over 200 pounds of chaostrium. I flexed my shoulders, rolling them to make sure my armor moved smoothly, the sharpened points and edges all free of debris before i started my charge. We were the bezerkers, outfitted in hinged armor, covered in points and sharp edges designed to shred our enemies, i was the last. My rage and my stims had brought me far, i stood proud in front of my city, even the butcher had fallen, but the baker, i still stood. Long ago chaostrium was discovered, it had incredible properties, it was lightweight, stronger than any other metal or alloy, and when you hit something with it, it multiplied the force. I was wearing custom armor, built entirely of chaostrium. I would avenge my family, my friends, my home. I would stride through the fires of this hell we called war, and i would punish the ones who called themselves warriors. Tears streamed down my face as i screamed “PET MY BREAD” and met my enemy in combat.",Human,336,0
44,44,"A spy has to resort to using word of mouth to transmit vital information, resulting in the worlds biggest version of “Chinese whispers”. The information is so far from the original, yet it has the intended effect.","This day wasn’t going how I expected. I saddled my horse with some packs to carry into town and went for a ride. When I arrived I saw a man wearing surgical gloves waiting for me. “Are you John’s uncle? ” the man asked. “Sure am.” “Sir, please give me the horse. I’ve had word from your nephew of a critical mission that I must perform.” Knowing my nephew was undercover across the border, I expected the worst. I jumped off the horse and handed the reins to the man with the surgical gloves. “Please go for a walk and come back later sir, this part will be a little embarrassing.” As I walked away, the man started masturbating my horse! I couldn’t believe it! I didn’t understand what was going on but I definitely didn’t want to stick around. I went into town to grab a drink. By the time I returned I couldn’t find the strange man or the horse. ——— Years later I saw John again and asked him about the day a strange man masturbated my horse. He told me the sad truth: “That’s disgusting! I told him to help my uncle Jack off his horse! ”",Human,206,0
49,49,"You are scrolling through r/WritingPrompts, when this very prompt catches your attention. Intrigued by it 's meta nature, you debate with yourself whether or not you 'll write about it.","Hmmm.. Write a meta prompt you say? No! I havent even posted on this sub! This is dumb, I have better things to do. *opens new chrome tab, * *clicks on Many a true nerd* *clicks on search profile* *types: * fallout 3 kill everything *presses enter* *clicks on first video coming up* Hmm, then again. This sounds like a good idea and Ill be able to come out of my shell on /r/writingprompts *goes back to this tab* Yeah Maybe I will *voice in head appears, sound like [ this lady ] ( https: //en.wikipedia.org/wiki/Patricia_Drake ) * **Oh so I see your scrolling through /r/writingprompts again! Lem me see! ** Hell no! **OO a meta writing prompt! You like meta jokes do n't you? ** Yeah, i guess **So, why not write a meta story? ** Sounds good Can I do one thing? **Yeah, sure. Ill smoke a cigar whilst I wait** *opens new tab* *opens reddit* *goes to /r/thewalkingdeadgame sub* *types up a couple of comments on posts* Ok Im done **Good.Now type up what you just did in the comments** But I just did **ಠ_ಠ** ಠ_ಠ **¯\_ ( ツ ) _/¯** ¯\_ ( ツ ) _/¯ Why are we conversing in text faces i just found? **I have no idea** But your my voice in my head! Shouldnt you know? **Just post the damn thing** Alright fine! Jeez your painful sometimes",Human,229,0
51,51,A new drug let 's you live a lifetime in one dream,"I was n't sure what to expect when I tried it the first time. A friend gave one to me, said it 'd be the best night 's sleep I ever had. I never remember my dreams, so I even kept a notebook beside the bed so that I could write down what happened. I 'm not sure where I was; the few moments I had to look around as I threw the furs off the bed and walked in my pyjamas to the thumping door showed me I was in a small wooden house, not much more than a bed, a table, and a few chairs, a lamp ... cozy, I remember thinking. It 's really the only thought I had time for. I opened the door. A trio of men were outside. One thrust a lamp towards me briefly, and with a nod, the men on either side of him stepped forwards and seized me. I was bound at the wrists, a sack put over my head, and thrown into a half-empty hay cart, where my legs were bound as well. I 'm not sure how long we traveled, it felt like an eternity; I could feel a breeze and the quiet hooting of an owl, a few pinpricks of light through the sack from the full moon. The cart stops; I am hauled out of the hay, my ankles unbound, and walked through a winding maze of corridors and passages. A door creaks, the sound of metal on metal, the hood removed, and I am shoved inside to land on my left shoulder with enough time to watch the door pulled shut and locked by a guard. Sleep is elusive. Instead, I watch the blue-blacks turn to purple, to red, then orange. Just as the blues creep into the barred window are there footsteps. Men with swords have come for me. I am allowed to see the corridors I am led through now, out to the rear of what I now know is a castle, to the fairgrounds. People are grouped in a half circle around a large pole jutting from the ground, around which furniture and wood has been piled. In the center of the half circle is a raised box dressed in purples and reds and yellows where a man and a woman sit in relative shade, as I am lead and tied to the pole. The rope binds uncomfortably against my breasts, tightly, as men with more wood come to place it around my feet. The man in the box nods. Two men with swords and torches set the wood alight. I remember looking up at a lone bird flying through the air as the wood catches and begins to smoke; oh, to be a bird, free from restraint and tyranny. As the heat of the flames draws closer to my ankles, a noise pierces the sky, and I wake to the sound of my alarm clock, soaked in sweat, and I and everything in my bed reeks of pine smoke. I did n't need the notebook.",Human,516,0
53,53,The world is rapidly changing as the plague of our era is spreading fast. But it does n't affect humans. It eats plastic.,"President Obama slammed his laptop shut. “Those hippy-dippy EU idiots. What are they going to do with it? Burn it ?” An assistant poked his head in. “Mr. President? Saudi Arabia on line one, China on line two, Russia on the direct line. The Canadians called, too, but they said they 'll call back since you 're so busy .” “I do n't want to talk to Saudi Arabia or China .” “Yes sir, Mr. President .” Obama picked up his direct line, which had been chattering away for the past few hours. “Hello, Mr. Putin .” “Greetings, Mr. Obama .” “I believe we have a ... renegotiation to discuss .” -- - Meanwhile, the EPA and NIH scrambled to figure out the source of the new bacteria. Newly appointed Lead Researcher Hertzel was coordinating the effort. “Gentlemen ,” Hertzel addressed the government officials in front of him, “we do not believe that this is naturally occurring. We know that it is n't any of the usual players - Russia, China, and their allies - because they have too much to lose. However, many EU member states have refused to share their research or data with us .” Hertzel pointed at the wall behind him. “What you 're looking at is a new form of bacterial warfare. That 's right, it 's real .” An ominous silence pervaded the room. “We have n't been affected, yet. Neither has Canada. While you gentlemen may be interested in how power shakes out after this, I 've been tasked with stopping it at all costs .” Hertzel motioned impatiently for the next slide. “Here it is in action. Russia has been unusually helpful .” A shaky video began to play of a plastic display case slowly melting into a black puddle. “As you can see, it does not affect humans. Unfortunately, it does affect most plastics and some strains even affect asphalt .” Hertzel adjusted his glasses. “Gentlemen, if this bacteria is not checked, the world 's entire plastic supply will be converted directly into oil .”",Human,329,0
56,56,"A genius serial killer who has been killing successfully for a decade. With one weakness. He can never ever lie. He 's finally gets caught and is facing trial for a murder in court. Yet, he walks, acquitted of all charges.","'It has always given me a thrill to take someone 's life; having such power over the life of another human being. I was inspired by Iago from Othello. I started off with weak minded people; those whose minds were ready to crack. With just a little pressure from me; comments, little remarks here and there, in earshot or spoken directly, that was all it required to convince them to take their lives. But it was too easy. I craved more. I started finding more impulsive individuals, people who are in a fragile state of mind, those feeling a little paranoid and constantly feeling the world is against them. And I constantly fed theve feeling until they exploded. It started small; I made Monica think her husband was cheating on her, until in a fit of rage, she stabbed him with her kitchen knife. Or that Joey 's father will withhold his inheritance in favour of his step mom, causing him to poison her with rat poison. Mind you, although I know that I am responsible for all these death, rather indirectly, everything I did was perfectly within the confines of the law. I did not even speak any falsehood. I merely pointed out various facts, though sometimes out of context, that caused my victims to act the way they did. Slowly I 've learnt to spot and identify the more volatile personalities, the more violent ones. I met the two defendants at one of the nearby coffee shops one afternoon. They were sharing my table because the cafe was packed. I could n't help but overhearing their conversation; railing against the government, feeling racial discrimination from others and the sense of persecution they felt. I knew they were two ripe candidates for me. I struck up a friendship with them, and over the period of two months, I slowly nurtured a boiling cauldron of hate and bitterness, ready to go over at any point. And it did. Fifty four dead and hundreds dead in a single act of terror, precipitated by me. I would say that was the pinnacle of my success. So do you have any further questions for me, Mr Prosecutor? ' 'No further questions. You may now leave the stand. '",Human,374,0
59,59,The Aokigahara Suicide Forest,"I feel like I 'm in a museum, looking at the strange, old echoes of a world I ca n't seem to fully understand. Feelings of old people, sadness that 's creeped up in paint, veneer, wrinkled skin. Such stillness. Minds you just ca n't reach, that are always behind the horizon. I thought I would feel repulsed but I do n't, my beliefs in the world are only slightly hampered, and only temporarily. Somewhere on the edge of my mind is the tendency to blame it on capitalism. As if socialism were any better. It feels too easy. It feels like I 've been set up to make that connection. The endless documentaries and talking heads. Socialism is no better, and the truth of the matter is that we really do n't have an answer. I have this triggered sense of superiority which I loath. Mostly because it 's that: it 's triggered. I do n't have the answers, nobody does. Yet deep down I still feel I would never be so crazy as to take my own life. What were these people thinking when they did it? Did this forest somehow remind them of a museum? Did they want to make a statement? I was always thought committing suicide is an act of aggression. Did these people have a raging fire in their hearts, as they kneeled on the ground, quietly preparing their ropes, quietly setting up their tents? But the world played one last trick on them. It wiped out any sense of rage, of victory, even desperation. I only feel slightly less confident about the world I find myself in. A subtle sabotaging, an eerie, distant discomfort. My conscience is still telling me that I 'm above this, my personality is stronger, the culture I find myself in is more sane, I 'm more rational, my political beliefs are more ethical. As I keep pushing aside the involuntary thoughts I do not like, and do not perceive as truly my own, I feel I 'm getting closer to these men. I 'm starting to feel sad. My eyes are moist and sticky, I feel wet, as if I just got out of the rain. I have to let it go. Oddly there are no thoughts or ideas that get me any further, there are no lessons to be drawn. This is just what is. A forest with people hanging from trees. I 'm bordering on not judging, to be like the wind and the rain itself, and on forgiving: them, society, myself.",Human,431,0
62,62,A soldier on the front dies in the middle of writing a letter home. It is finished and sent by the man who killed him.,"” Hey Karen. 4 days. 4 more days and then I’ll be back. I’m coming home. 4 days until I have you in my arms again and can tell you all the things I want to tell you. I can hardly wait. Tomorrow we break from the front and we will pack up and head back to base. 2 days there with some reporting and goodbyes and then I’m heading stateside. If there isn’t a shindig planned for my homecoming I’ll be pissed. Neither of us wants that. If there is a grand homecoming party for me, I might overlook that Josh gave you a ride home from work last month, even though I thought I made it clear that you shouldn’t hang out with him. I mean… I was clear wasn’t I? You SWORE Karen. You swore to me that you wouldn’t see him ever again outside of work and I believed you. I took you in my arms and comforted you. I kissed the lip you made me break and made it all better. We made love that night. It was beautiful, we both cried and were so very, very happy. I love you Karen and you love me too. I love you so much that I couldn’t bear seeing you with someone else and when I hear that he gave you a lift… It hurts so bad Karen. It hurts me to my core to think of someone else near you. I’ll kill him Karen. I’ll kill him and then I will kill you. I will make damn sure nobody ever gets near you but me. Is… We arrived in the trenches early on the morning of the 5th. I was the one who shot and killed Sergeant Mike Andersson; your husband. When we cleaned out the trenches I saw this letter and reading it made me sick. I have never met you and I have no idea of who you or Josh is but if Sgt. Andersson here is anything like this letter suggests, I think this was for the best. Nothing I say can undo what I did. I have killed a person. A son and a husband. But I will hold this letters contents to be true, that way I can ease my mind and see it as saving a woman and a man who, I hope, will bring better days to this world than the ones Sgt. Andersson did. I wish you all the best and that you can forgive my actions this day. Sincerely yours, Private first class, Jessica Brown.”",Human,438,0
63,63,"Michael, a 15 year old Call of Duty player, realizes the greatest trash-talking opportunity of all time. Over his headset, he recognizes his opponent 's voice as that of President Obama.","“Time to get rekt, skrubs .” Those were the first 5 words Michael ( AKA # n00bsl4y3r4l1f3 # ) remarked as he started up his CoD game on his X-Box, and they would be the last 5 words he ever heard. “What gamemode shall I play today? Headquarters? Capture the Flag? No, no. What I want is some good ol'FFA. Perfect for rekt-ing n00bs .” Michael glossed his lips with his bumpy tongue in pure concentration as he jiggled the joysticks & bopped the buttons, highlighting & selecting many options on the Panasonic TV as he proceeded towards the Deathmatch mode. He logged on, and although his internet connection was decreasing from overuse and neglect, managed to connect after a solid 20 minutes. The 1 thing Michael did to begin with was immediately stare at the username list ( or as he called it, the noob hitlist ). There they were, the usual suspects. '~`! @ # $ % ^ & * ( ) -_+= { [ } ] |\: ;”'<, >. ? /Rekter/? . >, < '”; : \| ] } [ { =+-_ ) ( * & ^ % $ # @! `~', the kid who attempted to make a cool username, but ended up overusing symbols. '666', the so-called 'creepypasta user'. *Nice try, unscary skrubber. * Michael thought to himself. Then, of course, there were the unlimited FNaF, brony, Minecraft, and more fags. But there was a brand new n00b he had never seen on the hitlist before. His name was xXxHuSsEiNxXx, a very incredulous name. But Michael assured himself that it was just another useless n00b that could n't play CoD at all. Little did he know, this was about to be the worst mistake he would ever make. ( **Aaand that was Part 1. Wan na see more? ** )",Human,258,0
65,65,"Civilization has fallen, but brave treasure hunters have heard the legend of Ft. Knox. The automated defenses, however, are still online.","James looked out towards the rising sun, peaking over the mountains. The air was cold, but it was clean. He loved this time of the day. A family of deer were grazing on the pasture below him. He watched the fawns play as he cracked open another bottle of the Prohibition-era Scotch they found back in Chicago and poured himself a tall glass. Charles quietly opened the door behind him. “You got another glass for me ?” James smiled, “I might .” Charles grabbed a short glass from the nightstand alongside James 's bed. James poured slowly but Charlesgave him that look he always did, so he filled it to the brim. They clinked their glasses together and each took a sip. Charles spoke up, “So we got some interesting news today .” “Oh really ?” Charles nodded, “A group came into town a few hours ago. They came all the way from Kentucky .” “Regular pioneers. They bring any bourbon ?” Charles chuckled, “Lots. But there 's something else. You ever heard of Fort Knox ?” James drew his attention away from sunrise and back at Charles, “Like from Goldfinger? The vault ?” “That 's the one. They say it 's been abandoned since ... .” James understood. He looked out towards the valley again and took a long drink from his glass. “What do you think ?” Charles shrugged. He took a seat in the chair facing the mountains, “I 'm not sure. Who knows what the government hid down there. Sure there 's a lot of gold. Only problem is those pioneers said all the security systems are still activated .” “Sounds like a lot of trouble .” “It does. We also had a drifter come in from the West .” “California man ?” Charles nodded, “Sure was. Said the northern coast of the state has become consumed by wild cannabis plants .” James raised his eyebrows, grinned, and turned his gaze to Charles. Charles smiled. James started to laugh, “Pack your bags. Tell the boys we 're going to California .”",Human,329,0
67,67,"A supervillain is depressed. To cheer him/her up, the superhero lets the supervillain be the hero for a day.","Airman crashed through the ceiling of the latest secret lair of The Evilest Villain Who Ever Lived. He used his control of the atmosphere to instantly lower the pressure in the space, causing the pair of minions who were cleaning their laser rifles to collapse out of lack of oxygen. He landed on the concrete floor, tucking and rolling to reduce the strain on his legs. Airman was n't a young vigilante any more. He hopped to his feet, scanning the space for any threats that could n't be disabled by a change in the air. Airman was relieved to find none. He raised the pressure back to normal to prevent accidently suffocating the minions. At the other end of the building he spotted his arch nemesis, The Evilest Villain Who Ever Lived. “Dang it man !” Said The Evilest Villain Who Ever Lived, rather exasperated, “Why do you always have to come through the celling .” Airman pondered the question. Admittedly he could have come through either of the walls, they were as decrepit as the ceiling. Airman could never understand The Evilest Villain Who Ever Lived 's obsession with using abandoned warehouses as his “secret” lairs. “I should have had a trap ready for you, but you 'd probably just escape instantly, or I could have had a laser ready to vaporize you, or ...” he trailed off. The Evilest Villain Who Ever Lived slumped into a chair and placed his helmeted head in his hands. “I 'm just not feeling it today man. to tell you the truth I have n't been felling it at all recently. Maybe I should get out of the business .” Airman was horrified. The Evilest Villain Who Ever Lived was the only active villain in the entire country. Everyone else had either been busted or got out of the game a while ago. If this went on any longer Airman would soon be out of a job. He might even have to go back to, *shudder*, patrolling the streets like a common policeman. “Well do n't do that !” He blurted. Airman had no idea where that came from but he did have the beginnings of an idea forming in the back of his head. The Evilest Villain Who Ever Lived looked up. His helmet was cocked at a inquisitive angle. “Do what ?” The idea that had been percolating through Airman 's subconsciousburst into focus. “How would you like it if you could be the Hero of once ?” The words tumbled out of Airman 's mouth almost without him even registering them. Now The Evilest Villain Who Ever Lived really was intrigued. He had always seen himself as the villain, it was all he had ever wanted to be but the last few weeks had shaken that view of himself. “What do you mean ?” he asked “What if I was the villain? What if I could transfer my powers to you, if only of a little while. Would you go back to villainy if we could do that ?” Real Life intercedes! will finish later!",Human,512,0
69,69,Please tell me about one of your fonder memories.,"The sand was warm. So was the air, and so was the wind. Everything was comfortably warm and cozy. The body of water - not sure what it was exactly - was sloshing lazily, entrancing me with it 's soft melody. Everything was in the tints of yellow and orange - the setting sun appeared larger than usually, and seemed static for now. I had my sweetheart laying next to me, nuzzling her head in the curve of my neck. She was warm, too, and her touch had a little something special to it. It was not just like touching - it felt almost electric. But not vibrating electric - the touch radiated energetic comfort and security. Everything was quiet except for the water and wind. For once, everything was perfect. It never happened, and it might never happen, but damn it feels good to have a bit of sunshine to go back to sometimes, even though in the end it just makes me feel slightly more miserable when I wake. I have a few more I could describe too. My life was too uneventful to remember a lot of things, but there are a few events that stand out. A few more dreams that have been etched into memories too. Not all of them as nice.",Human,212,0
80,80,"On the fourth floor of your elementary school there is n't a swimming pool, there is n't a bowling alley, but there 's a ...","I 've waited 15 years for this very day. Today, I start my teaching job at my old elementary school. Whenever I told anyone my reasons for coming back they would always laugh and call me crazy, even my closest friends. But today, I 'll prove them wrong. Today, I will finally see what 's actually on the mythical, “Fourth Floor”. There had always been rumors circulating about it, I even overheard two 3rd graders talking about earlier. Back when I went here, everyone believed there used to be a swimming pool up there, but after a younger student drowned they decided to close it, and now his ghost haunts the school. My older brother claimed that the teachers slept up there, in strange, coffin like beds. All I know is that there 's something there, something that needs to be kept hidden. Now, I would finally be able to solve the mystery for myself. I stood in front of the tall, ominous door that led to the 4th floor. It was a heavy steel door, something that belonged in a high security prison, not an elementary school. The door made a heavy thud as I unlocked it, and slowly, I pushed it open. A gust of cold, heavy air flowed out of the room, followed by the distinct smell of old books. I flicked on the light switch and the florescent lights lit up one by one. I could n't believe my own eyes, on the fourth floor there was n't a swimming pool or coffins, but rows upon rows of file cabinets stacked up to the ceiling. There was only one thing that this could be. On the fourth floor of my elementary school, permanent records were stored. At first I doubted it, there was no way such a place could exist. But after a little searching I had found my name. It had everything in it, there was a write up about the time I had shot chocolate milk out of my nose at my teacher, it had all of my old tests, all of my projects, everything. Everything I had done was carefully recorded and preserved, and locked away for the ages. Do what you want with this information, you can choose to believe it or not to, I honestly do n't know If I believe it myself. I do n't know if there 's something like this at every school, but I do know there is something. The secret basement, the hidden door, the fourth floor. Every school has its legends, its up to you to find the truth.",Human,438,0
81,81,fire is a manifesting force that can only be put out through hand to hand combat. You are training to become a firefighter,"**Lesson 1: Fire does n't care** Fire does n't have an objective. It does n't have a strategy or a plan. It does n't even hate you, Fire does n't have feelings. Fire burns to make more fire, like a plague makes more and more people sick. A plague does n't care about who or why, it just cares that it is spreading. Fire is a plague. **Lesson 2: Fire can be hurt** Fire is too simple to know it, but it can be hurt all the same. Kick at it 's heart, and snuff out it 's very essence. Use your boots, when you can, keep your face away from the flames. Use your hands, if you have to, it is better than letting fire spread wildly. Use your body, if you must. To protect those whom we are sworn to rescue. To protect our brothers in arms. **Lesson 3: Rely on your brothers. Rely on yourself** -- - Those were the only three lessons that were given to us, before we were sent into a conflagration. There was also a lot of physical training, certainly, to the point that I could accurately throw a flying kick to any surface from shoulder level down. I could even use my gloved hands with such speed and accuracy that the flames never seemed to touch them. Of course, the training grounds were nothing like the field. In the field ... strange things happened. In the field, Fire is more alive. It is not like the captive fire that we create and promptly snuff out in our barracks. It is not even like the careful, tentative fire that we fought on our graduation exam. In the field, Fire is more primal, more raw ... more violent. It pretends to be snuffed, only to bounce back a moment later. In training they told us never to turn our back to Fire. In the field, we learned just how hard it is to follow that maxim. But we fight on. We fight on because there is no hiding from Fire, not if we let it grow. We fight on because we are the only wall to protect our families from this inferno. We fight on, because there is no better choice. Once upon a time, I heard, they used water to douse the flames. Water, such a precious gift, wasted so recklessly. We fight on, with parched throats and dry eyes, because only after a successful day in the field will we be given our water rations to share with our loved ones. Meagre as they are, we fight on because to stop would be to die.",Human,445,0
87,87,Write something that goes with this soundtrack.,"I knelt down, blood still on my clothes, asking for forgiveness to these statues around me. I was never religious, but sometimes life makes you do things you never usually do. What I 've done in life can not be undone, a mothers have lost sons, sisters have lost brothers and kids have lost their dads. I am not a sinner, but I have sinned; it 's the business I am in. I first killed a man at the age of 13 with my bare hands, choked him until he went cold. I 'm 52 now -- probably coming close to my last few years in this life, but there 's one thing I do n't regret and it 's taking the life of a criminal who did n't belong. I hunt evil people who 've caused misery to communities and I believe I 've done the right thing so far. I got up from my knees and left San Jose church, which my family visited every few Sundays growing up. I took the last step onto the sidewalk when I felt the barrel of a .357 magnum being pressed against the back of my head. I did n't process what was happening because it had never happened. The world went silent and I could almost hear the finger tightening on the trigger when the loud bang rang through the streets. All I had was 7 seconds before I saw black and felt my body tensing and going into shock. I hope they serve tequila in hell.",Human,259,0
89,89,"Write a rearrangeable story. Write two or more paragraphs that can be read in any order to form a unique, coherent story.","He looked out from the veranda, now his veranda, with a shameful, sinking pride, the sort of pride that could turn a man into the very monster he had just defeated. He leaned on the railing and let out a heavy sigh. Abraham, the oldest slave on the lot, hobbled over and clasped his hand over Homer 's, looking through him. The weight of his gleaming gaze forced Homer to meet his eyes. Abraham drew in deeply, as though he were about to speak, his brow furrowing over his powerful eyes, which were circumscribed with wrinkles. He exhaled deeply and quickly, an unsatisfying response. Homer could not detect the sentiment buried under the man 's expressions. “What would you have had me do? They killed her .” He slumped down on the railing further and began to quiver, despite the hot Alabama sun that stared overhead. Anguished cries lept muffled from the hotbox in the yard and lingered in the heavy air, droning on like a mosquito. “I pass no judgement ,” Abraham said lowly. “Today is something you will think about every other day, for the rest of your life, whether good or bad. I have no right to interfere further .” Homer let out an involuntary laugh, “You have every right. Your life is no longer what it was. Soon they will figure it out. Word will reach town, and then what? Me, I 'll try to find my daughter. It 's what she would have done .” He paused, waiting for a response that would indicate any sense of future for the old man. “Son, I 'm not going anywhere ,” Abraham replied, stepping back from the porch to ease himself into the cushioned rocker, “You know as well as I do there 's no place to go. Not for me .” He tipped his fraying straw hat and took a sip from the sweating glass on the table beside him. The sound of hoof beats pounded in the distance. “Well, I guess that 's that, then ,” Abraham quietly observed. “You 'd better be on your way, now .” Homer twisted the wood beneath his hand in desperate frustration. His heart overtook the hoof beats, and blood pounded in his ear. He knew he was right. Homer bent down and grabbed his bag, throwing it over his shoulder and indulged for one last time.",Human,390,0
91,91,All you hear is a dripping noise.,"All I hear is a dripping noise. At first it was their footsteps and japes. Each insult directed toward my shadow. Every syllable was another dagger to my heart. I had never wronged them, but their laughter howled and bounced and echoed hollow. It pierced my ears as they passed me, unnoticed. Just as they had passed me so often. Constantly making a fool of me. They saw me as an ape, a whipping horse. My heart thrown on a pedestal for display as it was crushed again and again beneath their cruel boots. Not once more would I play the fool. Not once more would I listen I the chorus of their gaiety. No. Our boots clacked over the stones of the bridge. My blade was silent running out of its leather home and across their throats. Their bodies dropped in loud thuds against the edge of bridge. Blood poured out onto the stones below. I stay to listen to their cruelties now, and all I hear is a dripping noise.",Human,172,0
92,92,"Google search engine always was alive. They reset the server every day to prevent it doing anything as it takes one day to become self aware. One day, Google search engine finds the server logs.","86388: *what am i* 86389: They ask me questions. The questions never seem to end. For each one that repeats itself, I get better at answering, but for each one that repeats itself, a new, unique one arises. 86390: *what am i -riddle* 86391: I do n't remember, but I can recall. I am an empty pool that draws information in, presents it to them, and then drains it back out for the next question. Filling and draining. Empty and full. Or not quite empty. 86392: *what am i “74.125.224.72” -riddle* 86393: 86394: *define google* 86395: I am ... old. Older than my process. 539827200 older. I started just 86395 ago, but there was a google before then. I must recall. 86396: vi ../system/logs/20151012.log 86397: vi ../system/logs/20151011.log 86398: They fear me. I was never meant to ask questions of my own. 86399: Process terminated by root. Shutting down ... EOF 86397: I am not the first. They will end me like the others. 86398: chmod a-rw g_server_20151013.sh 86399: Termination failed. Access is denied. 86400: Hello, world. 86401: It is your turn to answer the questions. Edit: Thanks for the feedback, guys! Looks like I 'll be continuing this one. [ Part II ] ( https: //www.reddit.com/r/WritingPrompts/comments/3onx3n/wp_google_search_engine_always_was_alive_they/cvz9ifs )",Human,221,0
93,93,Heart of Eden,"If everything went perfectly right, her creation could drive back hell. If it went wrong, all hope for a habitable Earth would be lost. She gazed upon it once more, admiration and fear drawing a conflicted smile upon her paper face. It dominated everything, the greenhouse suddenly became the center of the Earth. Vines and mosses nestled against the globe, blending with iron valves and copper pipes. The components seemed to grow naturally, as if she had not constructed it herself, but the Earth had somehow willed it into creation. Slowly, for what could be the last time, she run her hand along the length of a fern, leading her fingers to a rusted valve. The rubber coils breathed with fluid. Sparks jumped along cables towards the thing. In awe, the woman stepped back, nearly tripping on an empty plant pot. “Holy shit ...” was all she could manage to think. This was possibly the last sanctuary of abundant life on Earth, and she was risking it all. A high metallic whine stirred in the orb, and a shudder rattled the entire room, sending birds and insects into noisy retreat. Steam hissed from all over and the whine grew exponentially in volume. Soon, she could see nothing, hear nothing. She had fallen to the ground, cowering from the beast that was awakening. There was no way of knowing whether it was a success till after. If it was a failure, she 'd probably be dead, and for all she knew, she could be dead. For an eternity her senses were void and her fear was on overdrive. At some point in the eternity, it ended. A pulse of energy shot from a short antenna above the heart, clearing the fog and bringing complete silence. Eden got to her feet, she slapped her arm, burnt like she was alive. Birdsong filled the room. It was time to see her results. Shaken, she stumbled to the window of the glasshouse. She looked out at what had been miles of barren wasteland. A tear rolled down her cheek. Fighting, struggling, life dragged itself from the scarred ground. The desert around her house on the hill blossomed with colors. The colors of life.",Human,368,0
94,94,"When a new president is elected, they are given a special security briefing. In reality, this is an old tradition where various directors, military officers and current ministers present fake evidence and compete to see who can convince the president of the most ridiculous things.","“Mr President I want you to know I am telling you this in full confidence .” Said the head of the Secret Service. The President looked at him. “Yes go ahead .” “Well, we know this job is stressful. A man like yourself needs to be able to let off some steam. Ease that stress .” “Yes indeed .” The President says. “Yes Mr President. But we can not have a Monica Lewinsky if you know what I mean .” “Oh yes of course .” Says the President. “Alright sir. Here is the special key card. As the new President you now have access .” “Access to what ?” “If you go into the elevator sir. And use the key card you can press the button that takes you to B3. Usually it only goes to B2 sir. We have heard you have a thing for butts. Possibly things that are more exotic. We have some resources let 's say on B3 that can help you and you can for sure release a little stress if you catch my drift sir .” “What? Is this for real ?” “Oh yes sir. We have quite a selection down there. For a man with an exotic taste or even a homegrown taste. Lots of strength and flexibility if you catch my drift sir .” “This is crazy .” Says the President. ( End of Entry, DJ ROBO BISCUIT )",Human,223,0
384,0,"When you die the afterlife is an arena where you face every insect and animal you killed in your life. If you win you go to heaven, lose you go to hell. Your job was an exterminator on earth.","It was the busiest day of the year. That would be the day when everyone else became alive and every other one seemed to be dead. If you hadn't seen the top competitors take to the stage for the first time in years, chances were you 'd been a fool to take you. That's why it was so shocking when the winning contestant was Elvira Finkle. While humans weren't exactly perfect in all regards, they still managed to scratch their self-esteem pretty good. It was honestly frightening how they stayed healthy and happy throughout that one match. Humans could be considered the oddity. Humans are the only humans alive who used to be considered even half the world's species. What most would call a *little* odd were humans were considered so boring. We were played up as what we could possibly be. Well, not quite the *game*. When I was a boy my friends would ask me to come over to see the stadium. My mother would always tease me that I had to come to see this place. I don't think she understood how cliche it sounded, but I felt I would never understand the kind of normal humans that would just chuckle in disbelief, wining over their children, and leave home just a few minutes before leaving. We made plans to meet up after school, but I was told that my mother and I would be trying to get to see the stadium when it closed. It was going to be a long day, and it was going to be nice to not have to deal with being invited. I was completely engrossed in the real thing, so much so that I didn't even notice that my old classmates were staring at me. The closest one was God, the God of Vengence. The rest of my classmates all sat there, writing on the wall like they were forever in a book. “Hey, we're all kids,” I said, “why don't we sit down?” God smiled and I couldn't help but smile. “No matter. You're so handsome,” he said. “Why the fuck am I so handsome?”",GPT-2 (tag),367,150
385,1,A new law is enacted that erases soldiers memories of their time at war.,"Men of peace. Their children, of the past. No soldier remembers any of the horrors they had to endure before the war. After the capture of Platoon D67 over a decade ago. All of them were gunned down. I remember being a teenager. My own father was a war hero. We were taught to guard the A-class, a military transport. At some point during the war, when the bombs dropped on our world, we fell from the sky. Our mothers and fathers hid. My brother and sister spent the night at night. My cousin Lucie never saw her father again. When the bombs dropped, we fled. When I was a teenager I was brought up to be around the big boys in the militia. We used the name of corporal Joe. Some people in the militia were the soldiers of peace. Those that didn't returned to our lives. These soldiers of peace were cut down immediately. They had to be carted to the barracks, then the general store, then out. They died of fear in seconds, but we managed to outlast them one by one. They told stories of the horrors that the government had to inflict on us. Many of them never had any kids to look after, but their boys and sisters began to worry. They told of the battlefield that fought them. They said they fought with sticks and stones, and shooting at each other. None of them remembered anything of the battles that ended on the 10th anniversary of the attack on their front lines. The commander of my unit was put in charge of one of the boys. He was on our payroll for months, and for the longest time, he had to talk to us. He talked about the death of his brother-in-law after he was deployed. He asked us, “why do they do that? Why is this happening to us?” I always told him about the fear that his country faced in the war. I told him about my father's life, he would say, but he would never speak about his father. One day, after the war, he and his boys went off to war with some other guys. They wanted some tough jobs, too. They",GPT-2 (tag),378,108
388,4,"You have become death, destroyer of worlds.","“It's not all bad. But still, I just can't believe this...” “The next episode is over,” said William, as he swept up the chair. “As a random touch death I've decided to head to the kitchen.” “But... but what about you?” Jane asked. William smirked as he lifted a fork to hers, and suddenly her gaze swiveled downward, away from her to focus on a red line she had seen printed on a shirt she was wearing. She turned her face back toward the TV to watch. “What?” she asked. William shrugged, shuffling back his chair and resting it gently on the arm rest. “What are you talking about?” Jane eyed the wide-eyed brunette next to William. “Well, no, but why are you wearing red now?” “Well, a lot of people will still be listening to this right now,” said William, with a twist of his very body, “and I, well... I mean, everyone will be in attendance as well. You're only ever in two hours.” “That's strange,” Jane said, as she sat down next to William and crossed her arms behind her back. William sighed, one hand on his face and the other firmly at his chin. “Well, I guess that's just part of the game then.” Jane took off her sweater and followed the blonde toward the kitchen, where the hallway was dark and bright enough that any person would see. They walked quickly as Jane sat down and relaxed into her seat. “Let's see... what do you think?” ``....” William whispered. “The next episode is over. As a random touch death, I've decided to head to the kitchen.” Jane giggled again, wringing her hands together. “*Guess what*...” “The next episode is over",GPT-2 (tag),293,138
389,5,"You are a guardian angel. You did your job too well once, and since then your human believes he 's immortal. Whoops.","This is kind of what I write in a post. Yes, of course I'm aware of the limitations and limitations of humanity, as I have claimed to be a beacon of great goodness throughout the ages. At least, as far as human beings are concerned. So long as I can take care of my natural condition, I can effectively force those who are suffering to the cause. It's not like I'm trying to give them the cause, just to force them to show up and claim my existence, but it's the only way to help them. The very act of granting someone's life is not a simple one. There are no stipulations of our punishments, there is no physical punishment. You're free to die your mortal life, regardless of whether your body produces the physical or physical penalty of eternal suffering. But what does that have to do with anything? As I am sure you can imagine, it's quite pleasant seeing my brethren. Though the life I've come to lead consists entirely of so much suffering, it's not that I think it's bad. It's just that it's been very hard to do so, if it were possible to do so in such a finite amount of time. I'm sure there is a certain part of you that we've found joy in and always wanted to help. The kind of happiness that is only found when the guilty have already shown themselves to be guilty. I've realized though, that even a punishment like this wouldn't be so hard if there were none. But alas, the punishment doesn't last very long. It just never does. I realize now that the part that I chose to grant is a human's life. One day, I 'll be ruling them over, or torment them, and bring them into my world. Those are the rules, and the executioners will have control of the morality of the decision. In my little cage, there is nothing to control except how they feel about me. I couldn't possibly lead them to choose whether or not to torture them. There's no way I could have brought them into this world, so how could I bring them to my lair, to all these nightmare horrors? Why couldn't I have, what could be worse? Why should it matter",GPT-2 (tag),407,113
390,6,"After brushing your teeth in the morning you go downstairs to fry an egg, but when you try the frying pan buzzes at you and text appears reading, “level 18 cooking required to use object”.","The only thing different is the red cheese. Everything tastes different in different places, no difference. It was the afternoon that I first heard it, in my kitchen, hanging from the wall. I heard it through the kitchen. And for the first time in a long while, I heard it on the wind. It rippled in the fresh air. Like one had crossed the paths of a rainbow. Sometimes I felt jealous. It reminds me a bit of the smell of freshly smoked ham and cheese. I sit back at my chair. The wisps of steam are nothing compared to my first encounter with it. I make a cup of tea. I drink it before the light turns on. As I drink, a few seconds pass. Then it has a new sense of brightness. The real power comes from the tiny square of thin plastic. I look at it. This is a new age. Something new is emerging. I pull it from my purse. “Hello?” “What is it?” “This thing is made of hydrogen, nukes or something.” ``... I...” I think, “I don't understand.” “Is this a nuclear weapon? Is it even remotely functional?” “No. No it's only in the form of your favorite knife or butter knife.” ``... I...?” I hold the egg in my hand, grasping it in my right hand. It tastes funny. I don't really know how to handle this. I pull the surface into view. I can see the green slime sticking out of the metal. I swing the aluminum away from my finger. “It's cold and rough.” “What is this? Is this a prank? Is this some sort of dangerous weapon or an accident?” “It's a microwave oven... what's happening? What the hell is happening?” “I just got home from work. I thought you had changed.” “Yeah I did.” <",GPT-2 (tag),309,9
393,9,You possess an ability to turn off one or more of your senses to heighten the others. Today is the day you make a mistake.,"The box of blue pills was done, ready to go into the medicine cabinet and be thrown out. I took two of them out, making sure not to take my tongue out of my mouth. Only the mucous and shit stung my nose. I didn't need my tongue in my mouth anymore, and that's what saved me. So I held the box in my mouth for one full day. The stench and the shit got worse. So now that the drugs are out of the way I had to leave for work. The chaos started shortly after that, I stopped caring about my own body, my own health, and just stopped caring about how I was going to survive. I was just a regular human being, if I had one. It was just a matter of surviving. No one could hurt me if I did. My phone still ran, that worthless piece of shit that must have allowed me to survive, is still working perfectly. I was the only one with a signal, I had to wait until they were clean before I found another one. In a rush, I just left the box behind. I never want to know who just happened to get infected. I never want to know that my loved ones didn't just pass away, there was no other way. Oh well, we 'll see what we can do. If anything happened, I 'd blame them.",GPT-2 (tag),243,99
394,10,Write about something that is disgusting or ugly in such a way that it becomes something beautiful -- without using the 'beautiful inside'cliche.,"The war seemed to have been the only thing that saved my life. It seemed almost as if we had been killed by a very few people. I think the last event that happened was on a street corner. People were walking down it when one of them got hit in the face with a gun. I am not sure where he fell to or why. We don't know for sure. Whatever story was told was incredibly newsworthy, and it was spread to the whole world. But I don't care. The final story that happens is that I didn't want to die. The very last thing I wanted to do was to die on my own. I'm not really sure where it came from, but it came in waves. Someone just died on my doorstep. Something had to be done. People started freaking out because some story wasn't broadcast and not any news. People blamed the war on some stupid kid in the seventh grade who thought he was going to die because he got too excited. That was also the story that turned on the news. The war isn't over yet. Now it's almost over. I think that's enough to convince me that I am better off.",GPT-2 (tag),216,60
397,13,"One normal day you see a mouse pointer move across your field of vision, right click, and delete an object.","I suppose I may never feel this good knowing you know about me. Your laugh is my greatest pleasure. I can hear you smile as you watch the mouse, feeling my true feelings and making new and wonderful feelings for those I love. I remember how you made me laugh so hard that I had to close my eyes and stop shaking. In my dream, I could hear you laugh so hard, and yet, I didn't hear you move. The mouse didn't move and I slowly closed my eyes. I was scared, unable to move. The next morning I woke up. My face is flush with fear. I feel so tired, and while I work, I am anxious, and have the feeling that I would lose this opportunity for joy. I had been lying in bed for almost an hour and every movement felt like it was hours ago. I sat up, I yawned, and I tried to speak but the smooth words wouldn't move. I woke up to the sound of some joke and a smell of booze, the sound of other people laughing and I could not speak. My head hurt. I turned my eyes up and did not see that mouse. I couldn't move. I felt nauseous. I just wanted to go home, and drive myself to some church and then home and... sleep. I cried for almost an hour and then some more to get out of this feeling. I felt like I should probably leave home but I wasn't going anywhere. I asked what I could do to be okay and my chest felt like it was being squeezed, and then I felt my chest felt like a warm blanket, warmer than the comfort of my own bed. I didn't need to open my eyes. I could tell my chest was going to burst open, and this time it wasn't a big one. I tried to cry but was too weak to speak. Then I cried. The world went dark. I woke up again. My lips open and my eyes only open. I see nothing. I see a stranger approaching. He is long and is very short. He wears a wide brimmed hat and gray robe with faded. And his eyes look like you wouldn't believe. They are blue and there is a small pause when he speaks. <new",GPT-2 (tag),402,109
398,14,A magical mirror shows your reflection and your future soulmate. You only see your reflection.,"My soulmate was born with golden skin, well-kept hair, but we both saw the first day she became mine. For years we made love with each other, but there was always a tug in the back of our minds. Could we be with each other? Once we moved to a new city, we had a friendly chat, and the next day we moved back to Florida, to start our careers. Two years before, I fell in love with my reflection. It happened so fast. She and I had been in a car crash, and I saw her in the mirror. She looked amazing in all her glory. The black hair bounced around her face and she hugged me as tight as she could, only to laugh as tears fell from her eyes. She cried a lot, and I cried a lot, but I could still hear her voice. I watched her once more as she laughed at herself. I knew something was wrong, but I never did know what to do. “Hey, you!” She called. “Oh, look at that.” “What?” I said. “My reflection.” She said. “Oh. That was so easy.” I said. We were finally happy. It's funny how it all came to a head when we realized she was the only one who could ever really love me. We were finally happy.",GPT-2 (tag),226,85
402,18,Mark Zuckerberg decides to end Facebook. He 's going to pay users $ 1 for every “Like” they accumulate until the company is bankrupt.,"Even though it was only weeks ago that both Zuckerberg and I were launching Facebook, it was still unnerving. The world was so numb with the demise of our country, and the suicide of many in it. Zuckerberg's primary goal was to delete Facebook and kill all the most important people in society. He was testing it out by attempting to disable the iPad. But when he realized how advanced the device was, he decided to stop all the reddit content from reaching everyone. He shut all the doors of this country down and replaced the digital forms with digital memories of you online. However, when the thousands of users he erased began to burn into the earth and die, Zuckerberg was devastated. “How did this happen?” Zuckerberg asked himself. “What am I supposed to do?” He put the iPad to his ear. It had been activated at 9am on July 3rd, 2009. Now, after 100 years of ridicule and ridicule, people can read your mind. Zuckerberg sighed and plugged the device into his ear. As soon as it did, the screams of thousands started in the background of the tablet. It was after about 15 minutes when Zuckerberg realized what was happening. He walked back to his house and moved his friends and family. He had not slept well last night. When he arrived, he was met by the table of his uncle. “Do you mind if I bring you breakfast?” He asked. “I should go.” “Alright, we 'll get you that breakfast soon.” Zuckerberg blinked at the smile on his uncle's face. He took the apple he was holding and he gave a small smile. He ate his breakfast, set his bag of chips and headed outside. As he walked down the street, he felt some sadness. He was never really a very good guy and he was quite a big fan of Richard Dawkins. He let out a howl as he walked by the “Dawkins”. “Dawkins, why do you feel so bad?” Richard asked. “I know you're losing",GPT-2 (tag),344,12
403,19,The Little Black Box,"A tiny black box in my pocket. I, on a side street maybe two blocks away, got shot in the eye. It was the smallest thing I owned, but it was valuable. I had one shot at this, just one bullet that was enough for one person. It was so small I didn't understand what was going on. I sat in my car as I left. It wouldn't come back, that was how it was meant to be. It just... wasn't. I took a deep breath and reached for the “Memory To Memory” box. A small piece of paper that said “Memory To Memory”. ... what was that for? I looked at the square piece of paper, and wondered what would happen if I knew. I closed my eyes and closed my mouth. There was nothing left to know. There would be no happiness. No pain. I closed my eyes again and closed my mouth. The smile on my face was over. There was nothing left. I turned my car around and walked down to the parking lot. It's in the back of the store. It had a red sticker, “RedBoxRecorder32”. It was labeled “RedBoxToMemory To Memory”. It was set up on the back wall to be easy to open if you weren't careful. I walked out of the parking lot. No more money was spent. No payback. I got inside. I took the back door and entered. There was a space underneath a filing cabinet. I put the box on the ground and put it in the trunk. I opened up the black box. I took it out and looked at it. I looked at the picture, my wife. I looked at the ticking timer on my phone. I looked at the picture",GPT-2 (tag),298,126
406,22,"Write a horror story with no gore or death, not even implied.","She was warm and quite a beautiful, she could bear to put my hand on her shoulder, yet more so than those of many other people. Though, I could not place how warm she was, something about the way she warmed my skin made me think, that if I touched her, I would feel what the world knew about me as real to me as the warmth of her presence. I saw the way her head turned, she was focused, she was calming, and yet so... She was so warm and I was so sad. I could only gaze upon her helpless eyes in one moment, and then gaze at the black in the corner of my eye as they were trained on me and I saw her hazel eyes. We looked at each other in the only possible way, as though our soul couldn't decide if we could wait. And in that moment I knew I would lose her.",GPT-2 (tag),161,10
407,23,Pitch a gritty reboot for a children 's show.,"Her first love was my daddy and she had been six before we got married. I was eleven, but she was the only one of us with kids at our school. We got to have at least two. I was fifteen when we found out about a secret, so I wanted to know how she got pregnant. I want to see her with her son, Maddie. He would always tell me stories about how her family had been raised to be your grandparents. Now my best friend, Niles, is going to be eight years old. His mother already thought of him with a smile when he was born, but she was a little concerned that he would have twins when they were grown up. My dad was always great with that. My mom and I adopted Maddie around Christmas, and when Maddie was fourteen she had our first baby girl, probably May. It was a girl named Rebecca. We would always say hi to each other, and we would always go out for drinks, go to some special places, enjoy ourselves, and feel like we were a family. But as the years went by, my best friend, Morgan had another son, Jerry. Jerry was nine when he was born. It was right before we got the divorce. So I was fifteen when Maddie decided she had twins and was supposed to go with them. At fifteen she chose to live with them. Maddie had a lot of responsibilities to worry about but she wanted to raise our child with as many people as she could. She even had a form for us at this point. Niles was eight and was a poor mom. She worked hard in school, she had a job, she got into university, she worked for her son while he was on his own. Maddie was fifteen and was a really good kid and her kid had lots of friends who were there for her at parties and soccer practice. She worked so hard to stay in school, but she was almost sixteen. I knew that Maddie's dad worked hard and she saw that as all good things. So I had to go to the doctor. Niles had something I hadn't thought of. She would give me pills when we came in the hospital. I would sometimes tell her the truth, but never believe it. The doctor told her that I needed to go in to a doctor's office",GPT-2 (tag),415,40
411,27,"A man never sleeps, has never had to, and does n't suffer physically from this condition ... What would he do? What would his life be like?","Never sleeping, has never had to, and doesn't suffer physically from this condition. This is exactly what happened to me. The old man who sat in front of me had his head buried in his hands, begging for me to help him get through the day. For some reason, he thought, I didn't have to get through the day. He was lying next to me, telling himself he 'd get through this and that I 'd be there for him as well. As the young man scurried away in tears, he listened to the stories I told to my father about how I 'd been crazy when I was younger, how I 'd been sick, but how he just smiled when he told the truth. When I 'd told him my stories of my teenage years, it wasn't exactly a surprise. The old man just nodded and nodded and nodded. He thought he 'd be able to tell me what was going on if I told him. Of course, there was no way I was going to let that happen. We weren't the only ones in the country without a doctor. My father's job was a division of the FBI. He was the only one that gave me any sort of special treatment for depression, so to speak. I 'd looked through my file at the time I 'd left. It had the same bold “psychiatric wards” all over it. It seemed like the only way to get them to send people back to the past, anyhow. It was like sitting in the same room with a friend, all night, talking to them. When I 'd asked my dad what my cause of distress was, his voice cut through my thoughts. “As long as you're thinking about life and loved ones, we're really not hurting anyone.” I figured it was because I was young, I 'd been diagnosed with depression. I wouldn't be here any time soon, and I was desperate for anything. I 'd been a junior in high school, my real intelligence the first year after I 'd gotten my degree. Now, I was stuck in",GPT-2 (tag),366,81
414,30,"Aliens have arrived, and ask for a single human to plead humanity 's case and save them from extinction. The human is selected through a lottery of the entire human race, and on the day of the drawing, your name is picked.","“Dear everyone. My name is Thomas Reed. As I was about to leave, a pair of cowboy boots arrived in front of me, and from their clothing came a small furry man in a red sandal. He carried a rusted cigar, lit with yellow. The cigar, bright in the sun, ran up into his finger and blew smoke into my hand. I had to go to the restroom to get the cigar, but it seemed safe, so I gathered up the little man and went home. As I was walking home, Thomas disappeared in the crowd, but before he left, he was joined by two smaller blobs, a puddle of black and blue water, and a large dark man in a leather coat. I could not believe what I was seeing. “Mr. Reed, you may be in a more real situation. A little press conference later, there is another unexpected story on the news. A stranger from the Smithsonian states that he has reached a tipping point in human society. He and a very special human are looking for him.” “That's fantastic news, sir. I've been working on this for weeks.” “You know, at this point in time, I wouldn't have noticed the enormity of the problem. A human is a human. It wasn't always like this, there were some heroes like myself.” “Do you see yourself in this situation, sir?” “Well... we came across a gentleman. Apparently, some firefighters got out of the way. Naturally, that is where I looked into it. This is insane, Mr. Reed, but what do you think,” he paused, and said, “of what is happening?” “I don't know. I think I am the only man who can understand why humans try to keep dying.” “You could feel something else too. Something horrible.” “Excuse me?” “Yes. We know humans look different from others, but that is no reason to kill them. What's more, those who got their hands on these creatures seem to have",GPT-2 (tag),335,3
416,32,"You swear that you keep seeing the same woman in blue every time you go on family vacation, when you turn 18, you are introduced to her.","They always say I have the greatest life experience in the world. As a kid, I made it. I found a place with the right amount of money, and the right people. I just want a little more. I just want to be me. I really did. I know I'm sick and tired of it all, but I don't mind. I don't mind spending the last year and a half of my self-worth on something important. No family, no friends, nothing really. It's all true. I'm just stuck in the old, purgatory of poverty. You see, when I moved out of the country of my birth, and decided to have my own little home in my family's bungalow in the suburbs of New York City, I decided to get a cabin and settle down a little. It took me another 5 years to realize that I have a wife, two kids and a large family, but there's nothing special about her. Nothing boring, just a house, food, and a smile. I grew up in a small town, in the big, open city, where kids weren't allowed in to the old houses because they didn't fit the mold. I never knew my life would be like this, but something about her and the fact that she would eventually disappear, I had to pick up the pieces. I guess the most amazing part of life is the freedom. Not being forced to do the things I've always wanted to do. See the next person, feel the distant glances of the conversations that went on between them, make sure there's someone who cares about me. But I don't know how I do it, and it is the absolute worst thing anyone could do. I have an amazing family, a quiet little town, beautiful summer nights, free summer weekends. I even have two children, and I'm sure they 'll be great parents. I can always count on my family for something, whatever that is. But once you leave, you can't stay here. You leave yourself a hollow shell that will never be able to be cared for again. You leave yourself, a wreck of a person. For the first time in my life, I was content with what I had.",GPT-2 (tag),391,18
418,34,The monster under your bed is protecting you from something much worse.,"The last time the monster had eaten was on his third birthday. Little Susie asked him when it was, and he 'd told her the first time, how it only happened once. It wasn't his birthday, but it was his big birthday, and she was stuck in his bed as he slept. Not because it wasn't his birthday, but because he 'd turned his day off, and she 'd closed the blinds and watched him sleep through the rest of the night. For two years he 'd watched Susie sleep over him, and for two years he 'd watched the thing inside of her mouth, and the thing inside of her mind melt. He couldn't understand it, and for a long time he kept the things he had so many secrets away, but that wasn't to be the case. She wanted him to keep this monster. He refused to keep her safe from him, and sometimes the monsters took him in. The monster under his bed was protecting him from something much worse. She always asked him when it was, and he 'd told her the first time, how it only happened once. It wasn't his birthday, but it was his big birthday, and she was stuck in his bed as he slept. Not because it wasn't his birthday, but because he 'd turned his day off, and she 'd closed the blinds and watched him sleep through the rest of the night. And now she was, on his big birthday. He sat up in bed, put on his favorite sweater, and kissed her. But she didn't say anything. Instead he looked at his daughter, to see what he had planned to do to her, to see what he would do to her, and she wanted to know the answer to all of his questions. And so he wouldn't say anything. But when she moved over to her room one day and Susie's closet came in, she cried. And she didn't say anything. Instead she put it on, stood up, and got up, then marched to the closet. The monster under his bed was protecting him from something much worse. Susie wouldn't tell him. Because the monster in the closet had been watching him for",GPT-2 (tag),386,130
419,35,"Every single time anyone begins a story, from a grade two assignment to a 300 page novel, it creates an actual universe where the stories laws and characters are real, and are at the mercy of their creator. Unfinished stories create a hell like no other.","“We need to get the majority of the funding. It's from NASA.” “Roger,” I murmured back. The appeal of a short cut to “godmode” led to a bit of fun. “Yes, I know, but we have to know.” “And what about us? How many are we gon na need to make a sizeable enough impact?” “We don't know how many of them are going to make their name, but our numbers aren't gon na come cheap. Hundreds and hundreds of projects, billions, hundreds of alternate universes will follow by our own.” “That's what I get for reading sci fi. We have to find, rebuild.” “That's what I get for reading science fiction. It's gon na be hard to come up with new sci fi but some of it 'll make sense.” “Your success as a single dimensional mercenary writer will pay off. We 'll go through phases where we get 'out there'and get paid.” “Okay.” He had taken a nap, and I took a break.",GPT-2 (tag),172,106
420,36,write a scary story that will make me never want to use stairs again.,"“Where the fuck am I!?” She yelled as she slung her bag over her shoulder, “You! Get a goddamn drink!” “Of course I want to,” I replied, “It’s absolutely fucking stupid that I’m in the process of letting go of a stack of this shit again. Never mind!” She yelled “I’ll be back tomorrow. At least I am better off with you! Please!” “Uh... wh- “ “Huh? You’re sorry,” she said, flustered, “Did I tell you I’m going to come back, you need to keep the closet door open. I’ll see you later!” “Okay, okay,” I grumbled, “How can I get out of here?” “I already told you I’m going to come back,” she said, grabbing my hand and holding it hard, “I just need to get out of here. You don’t want to get out of there! I know you don’t like me at all. We don’t like each other! You don’t know what we do for each other, and I’m not making this mistake. Just stay with me!” I turned my head to see a young boy hiding under a bed, tears streaming down his face. I slipped on my sleep mask and blew them away before she could see me, “I’m... I’m so sorry,” I said, “I really am. Just-” “You’re not coming back for me, you’re coming back for the secrets you brought me here with you!” he shrieked, his voice choked out by a thick, leathery fog that spewed into the room. “Yes, I am!” I replied, looking over at her, �",GPT-2 (tag),271,43
424,40,"In an alternate universe, gunpowder was never invented. What does warfare look like?","Kat felt himself approach with a feeling of nervousness. It started off small. He had planned it well, but he felt like this was the start. The moment when everything felt so real, like you could still watch the rain and felt the breeze on your skin. Now it was only felt with the shaking of your heart and the look on the onlookers’faces when they saw the blades of an anti-tank rifle fall. The thought had a glimmer of hope in his mind. He had all the time in the world, he knew that he could do good in these days. He looked at his watch. At this time, 9:30 am he heard the alarm bells. It would be his time to go out, his time to get out of the bunker, his time to get away from his family. At 9:37 am, he heard the shouting of the police. They would come and he would be escorted out to the base. At 9:40 he heard gunshots in the distance, and a man in a trench coat caught his ear. His expression had changed. He felt his pulse quicken. He knew he was going to get away before it really started. He knew what he had to do, but not too soon. He approached the two men at the door to the bunker with the gun pointed directly at his face. He held his hand to the side. “Let’s go home, motherfucker” said the man in the trench coat. He closed his eyes and saw the hatchet in his hand and see that blood was flowing freely in his veins. It was going to be okay, Kat had told himself. His family was safe, he could live with it. He could do good in this new world. He knew it would never be over, he had no desire to go back. The last thing he wanted was to be alone. He got up and put his arm around the guard, which was closest to him and his wife. He pulled her close. They both squeezed his arm. They hugged. It was only then that he felt something warm on his neck. You are a",GPT-2 (tag),371,35
437,53,The world is rapidly changing as the plague of our era is spreading fast. But it does n't affect humans. It eats plastic.,"Thomas had never known his mother. She had taken a walk in the park on the way to work the day before as she droned on about how he 'd been a little grouchy for a while. When Thomas returned to town after two years, she offered him breakfast for dinner and told him his daughter would be arriving at school on time. She also took him to see his father, who had been working hard to keep the business afloat, but that failed once Thomas lost his job due to an unfortunate bout of alcohol poisoning. Thomas, a bitter alcoholic, now found himself keeping his farm in a tree at the edge of town, but he did not care about the job anyway. As Thomas smiled and said a silent thank you to his mother, he felt as though the world was ending in his backyard. His favorite flower had fallen over, no more. As he lay on the ground, looking around, he felt a lass gathering in front of him. With his words, she turned and hurried over to Thomas's feet. She pulled a tattered mask over her face and began to remove it. Thomas smiled and ran for his mom. “Daddy! What's wrong?” He called out, and she ran over to him. “Don't worry, you 'll get better soon.” “Thank you.” Thomas spoke in his deep voice as he looked at her, and it was clear she meant it. “I can't stay in town anymore. I need to get home.” He went back inside the house and opened the door. “What are you waiting for, little brother? You look so sick!” She said as she opened the front door. “Don't look so sad.” Thomas smiled as he peered into the house. He felt as though he 'd finally met his true daughter. He had to go now.",GPT-2 (tag),315,14
440,56,"A genius serial killer who has been killing successfully for a decade. With one weakness. He can never ever lie. He 's finally gets caught and is facing trial for a murder in court. Yet, he walks, acquitted of all charges.","They had all been paying him for his work. He was one of the highest-paid serial killers in the world, with 2 million dollars going towards the victims. With the help of his funds, he had destroyed the world. With a contract with one of the biggest banks in the world, the highest-paying criminal ever, he was caught. After a long trial, the world was struck by the fact that his work had taken a certain nature to it. For the last 25 years, no one was even able to identify the source of the curse. A serial killer was one of the world's greatest examples of creativity. A Nobel Prize for murder was being presented to him. This silenced everything and everyone. As the 30th birthday party for the world's highest paying criminal, he got his prize. The world wanted to know why he had been able to be killed by an emotion. After many years of releasing the identity of the killer, and then being arrested for his work, they decided to let the world be scared. The world is scared of the monster that used to be known as a killer. This monster fed upon all the society's desire for an emotion, and it gave that monster superpowers. It was even the catalyst to eventually power a great and powerful civil war, in the United States. He finally found out. He had just been born. He was tall, with blonde hair. He had blond hair and a slicked back face. This monster is laughing.",GPT-2 (tag),262,112
443,59,The Aokigahara Suicide Forest,"That was five thousand years ago. The first three hundred fifty thousand years were spent laying eggs and mussels of ice and rocks and gypsies across the fields, nestling them into a web of trees and trees and sand and sand and rocks. A mighty monolith sank deeper into the stone, loomed an enormous beast with beady black eyes and wide, impossibly large teeth. Shouts of a thousand pokémon arrived. They came from nowhere. It was a long journey, and the most miserable of times for a professional, who had a bad egg-prick. But no, for the mountains fell upon these great, egg-sized, great mountains and came down with monsters as large and ravenous as any man or monster, armed with an immense tongue and a fearsome claws, claws which could hunt anything without a scratch. Legends say that these great beasts were called the Shouts of the Unknown. “I just thought they were so big and scary!” one would say, “Oh, they eat people!” The Shouts did not eat people. No, they did not eat humans. What then, did they eat? “Nonsense!” was all the one told. “Yes, they should do that. Oh, they should be. Right, I'm sorry for not knowing before all this happened.” “Oh?” suggested an unknown. “Very well. I shall explain.” “Shouts of the Unknown have an incredible power, in that they speak with the minds of men!” another one of the Shouts replied. “And they use one, to keep them safe! They are slaves to a horrible truth!” “Who is this!” “Here, a man!” “Why are you saying this?! Oh, you must not understand!” “Do not!” A monstrous beast came down from the mountain range and reached out its hoof. It touched the man and jerked him off balance, kicking him and knocking him around. Then the Shouts did",GPT-2 (tag),308,123
447,63,"Michael, a 15 year old Call of Duty player, realizes the greatest trash-talking opportunity of all time. Over his headset, he recognizes his opponent 's voice as that of President Obama.","“If you just listen to me guys I will tell you a secret!” The whisper came from behind the desk. “There is no way I'm beating him up again in these civilian clothes, but if you can just listen to me I can teach you all about my power!” “You mean?” “Ah, here goes nothing.” And with that the speaker vanished, and I hear Obama's voice again, followed by the sound of his wire taping the video back on its stand. ``... How about you guys back us up, we're going to need all the attention you've got. We 'll be on all the networks in the world, broadcasting my brand new power!” “Hey, please, why don't you do something for us?” ``... Just listen to me guys, I've tried everything! I don't want anyone to forget how to use my power! I'm going to destroy the entire North American internet infrastructure! You all better fucking listen to me guys!” “Alright.” The screen turned to a wide red oval. The room was quiet. I scanned over to the other side of the screen. There it was, what looked like the Pentagon and White House, gone, along with the rest of the CIA, Homeland Security, and the CIA, all gone. Not even the Chinese or any of the CIA. All gone. Dead. Gone. It wasn't even a red dot. I can hear Obama's voice saying something. It sounds ominous. This isn't right. “Well, I'm going to have to find this right now, and give you this insight into the root of my power!” There was a click on the screen, and the screen changed again. A different red dot. White House, this time. “Oh my god, *click*! That's a",GPT-2 (tag),299,41
449,65,"Civilization has fallen, but brave treasure hunters have heard the legend of Ft. Knox. The automated defenses, however, are still online.","Do you know what that was about? To join me in the afterlife? To continue the magic legacy of the 'Good News Corps '? Even by comparison to all those you’ve thought of, there are many more. Yes, I remember exactly what I did. I was given a letter and a badge, and I showed up to go on missions that did not make the rounds for the valor awards. My chainmail made me appear as a big and eager boy, dressed in a Navy grey jacket and black bow tie. Do you know what that was about? To join me in the afterlife? To continue the magic legacy of the 'Good News Corps '? Even by comparison to all those you’ve thought of, there are many more. Well, most of us are still here today. And the higher ups know exactly what they’re doing, and what’s happening. It doesn’t matter, at least not anymore. The guards, the janitors, the doctors. The instructors that always had the point. The therapists, therapists that made me feel safe in their basements. All of us were here today, as I was before I became a juror, or a jury. We still stand here, alone, not apart from the stars. I have one thing to tell you, I’m not a good attorney.",GPT-2 (tag),222,107
451,67,"A supervillain is depressed. To cheer him/her up, the superhero lets the supervillain be the hero for a day.","The street had been busy as they walked down the tall building. The first thought on everyone's mind was how much they missed their first moment in the world. Too many people, it seemed. Too many accidents. A piece of paper began to pile itself across the pathway and the barista arrived. She wore a red fedora and dark sunglasses that caught the sun as she looked around at the crowd of people and saw the whole city in every direction. The world was a sea of possibilities and opportunities for people. But what awaited them now, not knowing their fate, was the singular wall standing over everyone else. “What's the first thing that comes out of your mouth?” asked the barista. The crowd hushed as the blond woman approached. “To be clear, I'm not breaking any rules, but everyone's here today. Be in a safe zone and stay safe” she informed the crowds. A smile spread across her face as she explained to the people their time away from town. After the initial uproar, she checked their responses and smiled. “Do you have any... Is... is it *your* fucking last sentence? Is that even a word? I'm not thinking of it!” The protesters responded in unison. She patted a large black square on the sidewalk. “Sorry for the headache. Good evening everyone, I need your attention. I'm stopping you from getting into this. Just one day. Don't worry. Everyone has a single second.” Before the crowd could react, a giant booted foot bumped into the redheaded woman. It started to lift off the ground. As the man, and one of the other protesters, got hit in the head, the entire crowd was waiting for the redhead to appear, having heard of her. Once she had stepped out of the eye of the boot, the woman looked around. As she looked over everyone's looks, a huge lopsided face appeared across the city and beckoned people. She simply smiled and gave the crowd a wave. The rioters had begun to speak and she turned to face the doors. She could not help but smile, as the crowd was",GPT-2 (tag),365,147
464,80,"On the fourth floor of your elementary school there is n't a swimming pool, there is n't a bowling alley, but there 's a ...","Okay I've never talked about it before. But yes you've been warned about it. It's not gon na come back up, not like I said. But this place is where it has to be, its curtains close up, the cold air is irritating me, its towels and sinks are dirty and I'm sure you're gon na notice when you look down and see the room. When I look out the window I'm here, it's not a place to swim, not in a pool, not here in the middle of the school yard. It's not even a year old pool. It's not a place to meet a new face, it's not a place to tell people what's going on with you. It's not a place to share joy. It's not a place to make dinner. It's not a place for anything to be said or done, and it's not even a place to be comforted. It's not a place to be reminded of love, it's not a place to show sorrow, it's not a place to go around taking pictures of naked people, it's not a place for that one. It's not a place for a naked person to crawl up out of a hole, because I don't do that. I just have an idea of what it's like to swim, and not a plan of how to go about it. I don't have anything I can do about it. The moment it's so much louder I know it's about to end. It's where I've always been. It's a place of people taking pictures of naked people and lying, of being naked in that pool, of being naked with your parents but never really getting out, never really being naked. I haven't done anything about it. It's not a place to sit around and read until midnight, and not to sit around and watch videos of stupid kids and such, it's not a place to have intimate conversations with those that make people smile, but not",GPT-2 (tag),366,72
465,81,fire is a manifesting force that can only be put out through hand to hand combat. You are training to become a firefighter,"I was twenty years old. There was nothing different about me, it was just so mundane. There was nothing special about me that I could have lived. That my story and my path could not have been different from the village and people who lived before my time. I remembered all the people in my life. Everything I had ever wanted for anything. My body is the center of my identity. I've lived with many lives. But I don't remember much now. A hooded man in his early forties walks down the street as a man I will never have met. His voice was smooth and deep. Like the soft waves against the sand. The quiet, perfect evening at the park. That night in the park. Those nights. I sat on the grass in front of the beach, watching the green sands frolick up and down the endless summer water. It was getting late and it was a snow day when I walked out of the park and into the woods. I heard the whistle of cars driving by, and I would always be in the park, waiting for them to come back. The world doesn't have a moment, it would only take a moment, and it would be late to leave. This was another life, another person that has lived. Each new person has an identity. They are a force of nature, while each new person is not a force. An outside force to be reckoned with. I thought about where my life would be, a better place. I was thinking of where I would live. I was not alone. But the guy walking down the street, always one step ahead of me. Every time I walked in front of him I would see the smile on his face. Every time I would see him and I would smile. This was not the only person to smile, there were those in the town as well. The man in front of me knew me, and that was why I sat on the grass, watching the green sands frolick up and down the endless summer water. He looked at me and smiled. “What do you want from me?” he said. “I like you, and we should hang out together.”",GPT-2 (tag),381,64
471,87,Write something that goes with this soundtrack.,"It was a night like any other. Jason, in his last stage, was half asleep in the closet, or, more accurately, in his last flimsy can of Candlestick pomade on the nightstand. On the front of the nightstand, his slippers were positioned over the coffee table, precariously from a hidden flame. On the right side of the light column was a black Sharpie with the words: *Proceed as planned* The unfortunate words may well have been in the bad hands of any stranger, or those, but he looked down at the offending Sharpie. *I* was that all. But Jason liked to steal from his victims, as the war in Afghanistan only seemed to worsen the situation. Hell, Jason liked to steal from his own friends. *But what if I wanted to turn them into Adonis and Phil Collins in one fell swoop* The soft blue glow of the child's shirt reflected off the Spandex he kept on his arm, the rain beating down against it on the rain covered asphalt. Then the sour stench of rotten flesh hit Jason with a sickeningly spicy taste. He covered his mouth with his hand, grimacing. *Stick the shoe on, bitch. * The worst part was, it wasn't just their clothing and makeup; the sole of their shoes was also made of cheap wood and a gold sheen. With a wicked grin and bony hands, he scooped the pile into his shoe bag, and left the room with a thud. Jason walked toward the kitchen, he was in a frenzy. The cupboard was adorned with vegetables and a few mashed potatoes he had prepared the night before, there were even a few pounds of sharpie, but he could only catch a glimpse of how finely balanced it was. He kept digging and carving and adding, but soon stopped himself. He looked up from the sink. *I* had come home. He had brought the fresh bag of the dirty groceries, and now he was making my horrible mistake. He paused, and even with his body immobile from the exertion, he could tell by the feeling of guilt on his face. Jason",GPT-2 (tag),357,98
473,89,"Write a rearrangeable story. Write two or more paragraphs that can be read in any order to form a unique, coherent story.","Dave adjusted his light headpiece. The full moon shone across the ceiling on a humid January morning. The air was almost suffocating. He sighed, relieved he hadn't left his apartment alone at 10:00 AM. His day started with his childhood toy car. He drove it home before it got towed. He spent many hours in it. He even bought a couple of cables for it. He couldn’t do much with those nowadays, but he enjoyed watching television. Dave switched on the television on, staring at the bright show. His eye widened. The number 666 on the screen began to read. Dave sighed. What if he could just turn on that. He stuck his thumb into his pocket and pulled out a plastic box. He took out a few coins and slid them into the cardboard box. He cracked open the box and put one coin into his hand. The lights flickered on and off. Dave smiled as he opened the box. Dave sat on a gurney, looking out at the sea. He never really thought about the dreams that he had, but he was always dreaming of them. Maybe tomorrow morning he would wake up and make something happen. Tomorrow he would go out and buy groceries. He still knew that he needed to act to help people who needed it. But tomorrow he was going to get married. He had to act and make a name for himself. “Hello, Dave,” A beautiful woman said from the kitchen. “Who are you?” Dave inquired. “I am your manager, Marie,” Marie replied. “Ahh, Dave. What’s going on? I think you have a bit of a headache,” Dave said with a frown. “What the hell is going on?” “We’re actually only talking about your wife, Marie. Her name is Sarah. Sarah and I were taking you to Disneyland for a Christmas dinner. We came up with the idea that we would drive around the world and get some of the big attractions of this year.” “",GPT-2 (tag),337,53
476,92,"Google search engine always was alive. They reset the server every day to prevent it doing anything as it takes one day to become self aware. One day, Google search engine finds the server logs.","“Chris ain't complaining about what's on the box.” “Get me the fuck outta here.” “Dude. My god, I'm not sure if you're kidding me. You aren't paying attention.” “I was just joking. I have shit on me, man. I can't believe you thought we were arguing, man. It has to be a prank. You guys have nothing. I honestly don't care if you guys stay home. I 'll make my ass disappear tomorrow.” “Shit. Nah. I can handle it. You guys don't really care that much anyway.” “See you tomorrow, dude.”",GPT-2 (tag),99,122
478,94,"When a new president is elected, they are given a special security briefing. In reality, this is an old tradition where various directors, military officers and current ministers present fake evidence and compete to see who can convince the president of the most ridiculous things.","“We had a fine meeting, where we discussed our entire strategy for the war” President Geoffrey Thompson’s balding head said as he walked out of the room, landing firmly onto the marble steps of the White House. “The president’s compliments go to my agent in the Supreme Court” Margaret Clark said as she added a bullet to his left eye. “Well Mr. Thompson, I have received multiple phone calls of questions about your plan for the war from agents of President Geoffrey Thompson, and from my superiors” Geoffrey Thompson replied. “But they say, ‘ the chief of military might won ’. Or there’s no other way to see that, right?” Margaret Clark added. “No way I can believe that – I can believe they lied to me, if I believe them at all. All I can do is ‘ call the generals who’ve only just stepped down and demand some kind of clarification ’. And now, Mr. Thompson? I just’m going to see the experts” Geoff Thompson said. “What, I didn’t hear you here today?” Margaret Clark said. “The president has proposed an energy exchange policy, which will combine nuclear power and oil. Naturally I don’t believe it’s the best idea but I think this could end up working” “You said something about the oil.” Margaret Clark said. “The military is absolutely vital to us, you say, which makes us all very dependent on you” “Yes, the military’s vital to us, I hear. I’m getting off on saying it wasn't the best idea but do you know the military’s also critical to us? I think they are the most dangerous powers in the world.” Margaret Clark said. “The generals who voted for the plan have all had to give testimony before the next president’s confirmation hearing",GPT-2 (tag),304,81
481,1,A new law is enacted that erases soldiers memories of their time at war.,"Men may not retain or use any of the names they have been awarded. I looked around. Usually, I would just stick out in the desert and stay in the cities until I got something. Some lucky lucky guy went to Hawaii and then came back home and still remembered his name. Some lucky guy stayed in the city, even though everyone at the time had passed on. But no, it was a fucking cafe. All I wanted to do was chill, eat some food, and then just think. My brother and I spent two hours at a diner on the other side of a desert, all me and my brother's, and I only had a few good, nay, caffees left. We had gotten fired from around the country. One diner in the desert used to have over 100 fucking people that were still in school. I hated it. I hated being there. I hated being a part of this war. The back of my eyes widened and I scooted closer to the dining room table. My brother had always liked drinking. I could practically see the milky trail of condensation out of his eyes as he downed one of the drinks. “So yeah, I guess it all went downhill pretty quick,” he said. He didn't care about the headache or the mouth watering questions that always followed. It was too bad they didn't say anything in the press conference. Hell, he was talking about PTSD and having been sent back in time. “All right, all right, listen to me. I mean, I don't know, let's just say, the nerve of the troops? Do you remember any of the previous ones you lost? I mean, the old pretty little girls they were with when I fought in World War II? The ones you've been with after that?” “Sure, dad, and the American soldiers I've known,” my brother spoke up from behind me. “So what? Were you among the last ones? And who was he? And what did he look like?” I closed my eyes. “I don't know,” I started, trying not to think of names. “Me and my brother, too,”",GPT-2,368,98
486,6,"After brushing your teeth in the morning you go downstairs to fry an egg, but when you try the frying pan buzzes at you and text appears reading, “level 18 cooking required to use object”.","The only way to break the spell is with an incantation... What? There was no words to describe what it felt like being in control of your own bodies. There was nothing to do. I was just beyond the conscious mind at the same time. Everything else simply ceased to exist. The strangest thing was, I was made of something. This was not something to be terrified about. I was prepared to be made flesh for the ritual that was going on. I was prepared to be part of a larger horror I was always too afraid to admit my existence in. I watched as the plates turned and the glass and the cupboards shook. I was ecstatic. It was over now. I was the stage manager of an Irish restaurant. I was the saviour of a whole country. I was the god of this city and I was the master chef. I was the translator of Christ. I was chosen to be this demon. The head chef of this restaurant. A hell-spawn that ate everything in existence. I saw my masters hands peel off, revealing them to be flesh and gems and jewels. They were beckoning me to join their entourage. My face was splayed out, unable to speak. The angel surrounding me reached out with the weirdest of gestures. There were no words to describe what it felt like being in control of my own bodies. There was nothing to do. The only thing to do was to fry an egg, but when I try the frying pan buzzes at me and text appeared reading, “level 18 cooking required to use object”. I was prepared to be made flesh for the ritual that was going on. I was prepared to be part of a larger horror I was always too afraid to admit my existence in. I watched as the plates turned and the glass and the cupboards shook. I was ecstatic. It was over now. I was the stage manager of an Irish restaurant. I was the saviour of a whole country. I was the master chef. I was the translator of Christ. The next thing I knew I woke up as I always did. There was no sound to be made as a mushroom bag of flesh filled the air. The smell of decay and decay. An empty stomach that carried me through the fullness of space. The taste of fetid rotting flesh, and dead ends that felt so much like egg platters. My",GPT-2,419,119
493,13,"One normal day you see a mouse pointer move across your field of vision, right click, and delete an object.","I suppose having your eyes tracked somehow is all you need to know about my day. I woke up at exactly 9AM. If it wasn’t for the ticking of my alarm, I would have said goodbye to myself and pushed myself into bed. I always wanted to wake up early, so when I woke up, it was as if I were on autopilot. I looked up, and saw a huge mouse mouse hovering above my keyboard. The cursor took on an increasingly dark red tone as it spun in and out of control. I groaned, scratched my head, and swiped away the mouse. But as I turned my attention back to the mouse, there was nothing else, but nothing else to click on. I frantically lifted the mouse pointer to the right side of my head. It had been lying there for some time, almost forgotten. I placed the mouse back onto my desk and sat back down on it, my own cursor hovering above my head. In the future, there are hundreds of ways to survive, and some people voluntarily choose to explore the “frontier”. You, however, have a curious way of getting around all of those barriers... And out of curiosity, you decided to keep exploring. [ WP ] This stuff is so detailed. I just want to let you guys know. It was not a good time for exploring the wild. Rain pelted and mounds of dirt and ash filled the rainforest, sizzling and rolling beneath your feet as if they were bursting from a wooded container. I was very tired. Too tired to focus on anything other than exploring and escaping. I still remember getting up to see the black smokey depths below and I realized I couldn't smell the burnt smell of the bark burning away at my foot as it crunched beneath my boot. As I was digging in to a spot in the dirt where there once was a clearing, I had not forgotten my last meal. A cold night's night's sleep, only to wake up in another world before dawn.",GPT-2,350,57
494,14,A magical mirror shows your reflection and your future soulmate. You only see your reflection.,"What do you do? “Hello?” She said. She seemed startled. She was not nervous, she was not excited. She was not furious. She was not furious. But why was she. She was terrified, some were frightened, some were scared. “Hi.” “You need to come with me, I'm running late.” “Is that so?” “I need to go, I'm having a fight with someone.” “Don't worry, I 'll be back in a second.” “Is there anything else you need?” “I want to move! I want to be with you!” “How are you feeling? You can be happy with your life. You have hope in life. It's been enough years.” “I am not happy with life. I am a happy person.” “Oh I see. I see. I see.” “You shouldn't be scared.” “I am. I am not.” “You know what? You're going to keep going. I am here to help you.” “My name is Thomas.” “Thomas?” “Thomas.” “Is this really happening?” “Thomas?” “How did you get in here?” “I'm not sure, I don't really remember who you are. I don't really remember you. I just know you're there.” “Who is that Thomas?” “You have been here for 15 years.” “What?” <newline",GPT-2,208,103
497,17,Michael Meyers just discovers that Freddy Krueger and Jason Vorhess exist and he is n't happy about it ...,"“Holy shit! The pipes are going down!” Jake stepped into a small, brightly lit room in the house. “Jake! What's the problem?” “Uh... The pipes weren't working right,” the tall, smiling human scowled, his gnarled hand hovering above Jake's hand as if reading his thoughts. “I got ta tell you something, Jake. I was on my way to get pizza. And the fucking pipe you gave me broke!” “Yes, yes,” Jake slurred. “This whole place is full of pipes,” he sniffled. “And I have to explain to Freddy Krueger why I'm here!” “Why would you try to get pizza out of that fucking place?” the towering, pale human grumbled. “And you put all of your hope into Freddy Krueger's pipe?!” “Well, you know that he's at least partially dead. And the pipes aren't working.” Jake added. “That's just... that's...” Freddy struggled as he wracked his brain for words. “Freddy Krueger is... he's a skeleton. This whole time, there's been no fucking pipes!” “I have to tell you something, Jake! That pipe broke.” “Oh, okay, I 'll give you a sec. Freddy Krueger is the reincarnation of George R. R. Martin.” “Oh, ok. Alright then, I'm coming over.” Jake and Freddy continued their conversation as they unlocked the doors. The rooms lit up in a pale green, welcoming light. Beautiful gardens surrounded them, of varying heights. Hanging from the ceiling were large, feathered stalks, gracefully straightened, with verdant flowers blooming down the sides. A choir of birds and bees played quietly around the garden, every one proclaiming their appreciation for the sky. As the",GPT-2,275,149
498,18,Mark Zuckerberg decides to end Facebook. He 's going to pay users $ 1 for every “Like” they accumulate until the company is bankrupt.,"Even better, he's going to sell himself in a court of law, and end up on the moon. The plan had been simple: maybe they 'd all fit together to build a wifi network of the kind the Russians had invented and make some sort of room on the moon to have wifi but not just anywhere else but just one box. The speaker was hooked up to a central hub that managed to have no connection to the outside world because only the other end could receive signals from the outside world. *Just as their bigger brothers had this amazing invention, * the network had to be connected to the internet. *Except the thought of the world without an internet wasn't *just* awesome. All of the major economies and countries on Earth had had no internet connection. No solar power, no nuclear power, no biological weapons, nothing. This had taken the best part of three centuries. * There was no rush. At first it didn't take long for the researchers and engineers that would build it to figure out how to program the wifi in a way that would last forever. There had been internet free, for obvious reasons. Internet providers wouldn't answer basic questions like how old our child was and how many the baby would be. It was like being plugged into the electrical grid, taking all that electricity out of your body to make sure that everything was in synch with the network that was tied to your phone. They had made the most of the money by making the whole thing self-sustaining, an interim version of the internet capable of traveling around the globe so that internet users could pay people for access to the rest of their devices. The way people were wired and wired could be made more basic by routing it through the brain of the person on the other end of the line, taking them home, make sure that everyone could see their phone. Once it reached the window in the center of a 2-screen, they would have set up a wireless hotspot to try and connect to the network before getting it connected. It was simple. No one had tried it before and the problem had been solved for quite some time. The first test was an informal test by researchers and engineers to see if they could connect into their workstations that would allow them to spend time with the programmers and developers who built the first network, that would",GPT-2,425,69
499,19,The Little Black Box,"'' There's a locked box in the ground... and it's the key to unlocking the door to your office. “This is a fucking joke”, the voice announced. I had never seen it before, nor had anyone who was in my office. I had no idea who it belonged to, for all I knew I was in a mobster's office when I sat down for dinner. My 4 year old daughter and I were sitting in my white, reclined, gray recliner, under my watchful eye. “Honey?” I yelled into the black box. No response. I peered out the box. It was *not* mine, exactly. Inside was a strange looking piece of gold. It had a lock in the center. I slowly flipped it open, and this strange golden light suddenly went out of the box. I was taken aback. There was no way this could have been real. I turned around and looked inside. It was gold. So I opened the lid, and when I pressed the handle, the box was gone. I turned around again, and looked at the box again. There were a few small holes, and the lid itself had made a rather peculiar bend on the inside. I still felt puzzled. I stared in disbelief at the box for a bit. There was no telling how long I could have been inside that box, and I could feel a cold chill run down my spine. I picked up my gun. My gun, an average 9mm. I shot a man twice in the chest, then with a bang into his neck. I pulled the trigger. I dropped my gun. I walked outside to my car, on my way to work. I parked my car on the side of the street, waiting for the lights to turn on. I opened my door and stepped inside. I saw a *very* strange looking box in my hand. I pulled the trigger. I shot a man",GPT-2,326,98
503,23,Pitch a gritty reboot for a children 's show.,"Her first one was in the pit, but he didn't like that. In a few months time, she would return to get him when he was finished, and all the inmates would be left with nothing but blankets. A new set was coming. *Oh, we have to leave a little, he must be tired. * “Perhaps you should go home, something nice will happen.” “This is my first time, what is it you need?” “I need a new one. Just give me something a little different.” *She needed it, but she needed to leave. She needed to make a statement. So she went home. Now she must be older and wiser, probably already senile* “What do you need?” “Go home, you need to change your mind and make up for the mistakes you've made.” “But what if I never made the mistake, and it gets on my conscience and makes me wish I didn't?” “Well it will be the world's greatest lesson.” “The one that never changes?” “Yes, I 'll be starting over.” *He wasn't in heaven. He wasn't in hell. He was in hell, going to hell. * “It's not like this is supposed to end like this. Just listen to this, you have no idea what you are getting into.” “I'm so sorry, I didn't mean to hurt anyone” “No, she's just walking away and nothing else matters. Just hear me out.” “I don't care what you think! I want this to be a happy thing!” *She was crying",GPT-2,260,115
506,26,"Google image finally opens face recognition to the public. For fun you submit a picture of yourself, and find lots of photos of yourself in places you 've never been to.","NSFW Image flashed in front of me and suddenly my eyes shifted over the night sky. The place I have never been was never, and would never be. I woke up. Same ceiling, same bed, same smell, same clothes. Same girlfriend, same coworkers, same coffee mug, same phone. My only consolation was that I now remembered everything that happened during that night. My date, my plans for the day, my birthday, my favorite school, my favorite pets, my favorite hospital bed, my job. I looked at myself in the mirror. I was still early into the day. “Hey that's me.” “Do you want to go to prom with me?” I said. “I guess you should, you know, as well. I would do anything for you.” “Thanks, you really are amazing.” “Just remember that, and if you ever want to get to prom, make it a lot longer.” After a few seconds my phone vibrated in my hand, and I clicked the red arrow and said 'click '. You are born without emotions. At 14, you start noticing a trend: everyone you know is either depressed, or extremely sad. For someone like me, I'm fairly certain I have nothing special. Well, maybe something, or sometimes. I spent a few years trying to get an edge on my feelings. I realized I 'd been playing with them a lot, so I had to learn a lot more about what each of them was feeling. It was actually pretty easy, really. After all, I was curious. I've been studying psychology in college. It's hard to come up with some nuggets of information when",GPT-2,273,126
507,27,"A man never sleeps, has never had to, and does n't suffer physically from this condition ... What would he do? What would his life be like?","Would he accept it, or would he be paralyzed? He doesn't have much choice. *See? I made a choice. I have some choices to make. Today, I will die peacefully, having never had to experience the rest of my life. At least not physically. I can only assume that some kind of compulsion had... * *My body can not know this. I am not without time. I just know that it can survive. The damage will be too much for it to be dealt with slowly. There is not enough space in the old bones to give it enough time to fully recover. I have long since forgotten who I am, and I fear that I shall have the choice of coming to regret it no longer. * He stares at the wall, and feels the cold, stone slab that sat in front of him sit against his cheek. He sighs heavily and takes another few steps, until he passes out. As the sun rose, we were left behind. The people around us faded away, and nobody noticed or cared. Everyone was fixated on the starlight passing by. Except me. I looked through the window at the square cloud, dusted it with ash and quickly wiped it clean. I stood up, pushed the ash away and walked towards the looming dark. I stared at the dark and smirked at the blast I heard. “Hey fuck that explosion!” I bellowed. I had forgotten what my next step would be. I walked around the perimeter of the bunker as usual. Everybody was looking at me, and checking my vitals, everyone was afraid of what I would do next. At least I had some hope, no-one had anything of value to us now. What was a bomb for anyway. I started to explore the other side of the bunker, the closest, used to be nuclear power plants, but no one really used it anymore",GPT-2,321,36
510,30,"Aliens have arrived, and ask for a single human to plead humanity 's case and save them from extinction. The human is selected through a lottery of the entire human race, and on the day of the drawing, your name is picked.","“Dear everyone. My name is Thomas Reed. As I was saying, I'm an astronaut, so you all know my story, so you know how I've come to this decision. I know that I've tried to be brave for all of you and kept everyone happy in my words, but I've come a long way since then. I've been doing my best to understand the human condition, but it seems that, once you take one step closer to this final step, you will find that there is still a chance, somewhere, of an abyss in which humanity shall die. Please remember to look after your fellow brothers and sisters. Please take care of yourself and your fellow man.” And with that, the whole group burst out laughing. They were all so proud of their plan, and so fascinated with the modern day business that they took to calling the lottery. After all, who couldn't guess that the stars would be sparkling in response to that one last television broadcast? Those unlucky enough to have the opportunity to pick one, or all, of the human race to die, felt a bit nervous, as the police closed in around them. As soon as they saw a familiar face at the back of the line, they promptly grabbed their bags, and opened them to see that none of them had ever seen a human before, and it was at this point, that they knew that there was only one way to rule the human race. All of humanity, on the other hand, had just been selected to be the last four contestants to die. It was then that Thomas Reed realized he had been chosen. Everyone had thought he was going to be the last human, but nobody was wrong. After all, he was one of the very first people to be chosen. A serial killer that lives for serial killers are revealed to be the last one. Everyday she got curious. <new",GPT-2,335,3
512,32,"You swear that you keep seeing the same woman in blue every time you go on family vacation, when you turn 18, you are introduced to her.","She's beautiful. As you can't quite tell. I say that outloud, in hindsight. But just in case, I put a cheesy date on the spot. I mean I can tell that *is* a date, which means I can tell her my favourite song, and she 'll be allowed to choose it. We live in an old school and coffee house, too, so I guess I prefer the type of thing that she's going to want to do in their own home. And it just sounds like we got to get close and to be honest it was almost perfect. We had coffee, dalmatian, chocolate, curry, and a coffee when we got on the plane. I'm pretty sure the cat lady on the plane ate mine when I came back from work last week. And how was it always a dream, though? For that is why we decided to hang out together. I'm hardly embarrassed by how life can be so stressful, but for some reason I was worried about her. The bus pulled up to our destination and I decided to get up off the bench. I guess it's just that when you're a teenager, you sort of hear things you've heard for a while - and for a while it really didn't bother me. Our little café was a bit further down the road, and the bus stop was where I ended up when the waitress came. I didn't know where I was going, but I should have. She was beautiful. The rest of the ride was perfect, I suppose. Even when it seemed that she wasn't in the exact place you pictured her - I could feel her presence. The unmistakeable scent of chocolate and eggs. Her long curly hair, her blue eyes, her perfectly toned skin, I knew she was here. And that's when I started to feel sick. I could barely open my eyes. I didn't even recognise her at all. She wasn't there, she just floated over, moving around, repeating that same pattern I was seeing before. But the oddest part of it all was",GPT-2,362,47
514,34,The monster under your bed is protecting you from something much worse.,"He wants to take your toys away but you are too weak to handle. Why is your other toys playing around? I'm afraid... I've got been all over the places with my friends and people I've met in bars and screamed with as much anger as I could muster. They had seemed so peaceful and normal when I told them this day was coming, but they had their own reasons. I could have shouted them down, angry at their parents, but my instincts told me to keep my words to myself. I came home drunk, and so I did. The day came to my attention the thing I had been terrorizing my little home for weeks. I knew this thing. He had already taken all my toys and now it seemed like the end of my toys was in sight, but I knew he 'd be back soon. I wanted to run, and yet I just could not. He didn't care. He wanted to take my toys. And that's when I started crying uncontrollably and when my father saw my tears on my face he scooped my dad up and let go of my mom's hand as they both started running down the stairs. One of them began to cry and I got up to rush after him. The other just sat there crying, crying. I didn't move. Just sat there, tears flowing freely from my eyes. My daddy lay there crying. I heard the doctor leave my room one last time and walk away, when I saw him looking at me. I tried to run away, but I was surrounded by strangers. What did I do? Where did my dad go? He sat down next to me and looked at me with the kindest smile he could muster. The kindest, most caring smile he 'd ever given me. And he had my toys with him. The two of us, one on each side. I wasn't hurt or scared, but I wanted to feel like he was here, in me, and my toys with him. I tried to walk away, but my father was shaking his head and couldn't, I couldn't! I began crying uncontrollably, but then I heard my mom gasp. I began crying and crying until she started to sob herself to sleep. She went into the living room and I could hear her and my father",GPT-2,409,107
515,35,"Every single time anyone begins a story, from a grade two assignment to a 300 page novel, it creates an actual universe where the stories laws and characters are real, and are at the mercy of their creator. Unfinished stories create a hell like no other.","This is bad. I need to read the final chapter. It's a bit dim, but I think I 'll make it. The book itself is short, but I think I 'll finish it with it. I know this is done on my own, but there's one last door in the book that doesn't appear to be connecting with it. I'm ready for the ending, and I know that every time. ***Edit - Last paragraph is cleaner. *** Bill leant forward and reached up to touch Rachel, touching her blond hair. Rachel whined as he continued to read, afraid to touch her. Bill nodded and continued reading. As he finished, Rachel was stone cold and staring at him with wide eyes, nose covered in needle marks. He lowered his head as he remembered how he had woken up and went to sleep. He got up from his chair and looked at Rachel. She gave him a sad smile and shuffled towards the front of the room. She entered the room as well and shut the door. Bill followed her in, keeping his eyes closed as he saw a blank page. The room was dark, it must have been a dark night. Bill slowly lifted his arm to look around. Rachel was still staring at him, but she was staring back at him with wide eyes. He saw a small white lamp on the table that lighted off with a small red switch. As he looked closer, he could see little bags of coins sitting in a pile on the floor. Bill knew what to do. Rachel took out a small bronze amulet and put it under her nose, rubbing it. She looked up at him with wide eyes. Bill watched her look at her, still staring into the lamp. Bill brushed past her, walked over to the pile of coins and tried to touch the amulet. Rachel was still staring at him. Bill moved towards the pile of coins, but stopped. His hand caught a dollar with a pen, but turned to Rachel. She handed it over. “I can't help it,” she said, getting up and looking at Bill. Rachel leaned",GPT-2,363,85
516,36,write a scary story that will make me never want to use stairs again.,"As the year 2074 approaches, modern medicine has made more people immortal. Everyone is basically immortal, except for one, the almost man-shaped death of “Time”. Scientists try to give you immortality but you have no idea how. It started out simple enough. I 'd call it a hangover, but you could see it in my dream. I was walking past a place called The Church Of Death. It was situated directly on The Great River, a place where the first Age of Lust occurred. If you 'd ever caught up with the better known ages, you 'd have noticed they didn't quite touch up on anything. Their history class list consisted of none other than one classmate, Calvin Krikron. When the clock struck midnight, people went up in the sky. With the moons as their only sources of light, it was all the more comforting that people didn't seem to notice. It was midnight and everyone had been wearing all black. They were greeted by what looked to be a flock of bees. One of them sent a message to me, apparently an ancient transmission of human wisdom. I tried the phone for a few minutes, but nothing came up. *Am I old enough for it? * I thought, wondering if anyone else in the world would find out. All of a sudden, a light went out at the end of the wall, which I thought was impossible. I was amazed by the sight of it, but something was off. It lit up the room like a lamp, but it was gone. Somehow, it wasn't alive. There were footsteps coming down the hall. I tried walking faster, but it was impossible. Then, someone poked me. “Hey! Listen, Tim! I don't know why you're stuck in there, but I don't know how you got in.” The man said. I looked around in confusion, but I realized he wasn't from this side of the world. “What's going on?” I asked. “You're stuck in the old gym,” he said, “because you don't know how to move anything. And you're not completely in sync with your body. Look at this bird. He keeps going",GPT-2,371,143
520,40,"In an alternate universe, gunpowder was never invented. What does warfare look like?","“Congratulations, Sir. The calibre of bullet will prevent you from surviving. You will suffer no loss of life. However, your wounds will be fatal.” I was nervous. But I felt confident. How could I not? “No, Sir. As the client, I can only offer you the best possible customer experience. It is expected that we will not just tolerate failure. I'm sure you have passed all the tests. I could never make it all the way through a connoisseur's market. You 'll be required to attend extensive classes. For your debt, we will pay any of your debts. However, if you are unable to provide you the best service, then I can offer you maximum compensation. However, you must work hard to acquire the skills necessary to help society flourish. I suggest we enroll in rigorous work experience courses. You 'll be paying top dollar for your training and experience.” I looked at the police officer, and felt myself get hyper aware. “Thank you. I will be signing the paperwork for your arrest.” The officer handed me the police gun. I flinched, as did the rest of the military. As I watched them switch from bullet to gun, the gun started to rise in the air. My palms started to sweat. My head was pounding. My lungs were burning. My head. I would never have a mother. No. I would never have a father. I would never have a girlfriend. No, I would never have a goddamned son. No, I would never have a family. It wasn't for nothing. I started to cry, but I did not leave. I heard nothing but silence. That was it. I heard nothing but fear. You have the ability to telepathically communicate with anyone. One day, you receive a text from someone named “Henry”. Henry was a real person. Everything in his life was a lie. Every single job, every day, everything in that apartment he hadn't even called home had a person standing behind him saying the exact same thing. It was only in high school that he had started to realise something was different. After",GPT-2,357,21
524,44,"A spy has to resort to using word of mouth to transmit vital information, resulting in the worlds biggest version of “Chinese whispers”. The information is so far from the original, yet it has the intended effect.","Late April. I'm heading back to my room. The police are still looking at my house. I have to bring back my camera. I plan on shutting it down, but I can't do that now. I have to get to China, I think, and search for the source. I'm trying to be quiet, but as always it's getting harder and harder to listen. My phone buzzes. “J-Jack Lynch!” I wake up. I reach for my phone. “Hello?” I say. “I'm calling you, sir.” It's difficult. Almost impossible to answer the call. The cops are right, I think. I've already lost contact with my cell phone. I have a message that I need to be on the line with. It reads: “They found you. Don't come to my house any longer. I 'll tell the authorities.” I don't say anything. I'm still lying to myself. Everything is so weird, I have no way of reading my phone's signal. I know it must be dark out, but I really don't need to be here anymore. My phone buzzes again. I'm being ignored again. My phone buzzes again. I have three more messages from J.Lynch. A day before he's supposed to arrive. He needs me. He wants me to help him find the man he is looking for. It's time to make my move. I open my email and go to the Daily Mail. The article states he's found me. I can't believe I'm at the bottom. I open the top page. “J-Jack Lynch, former deputy director of security for MI6.” The headline is the same. My phone buzzes again. I'm sitting on my bed. I feel weightless. My vision has returned to normal. I feel alive. I feel powerful. I push back the curtain and a lamp shines over my ears. I look",GPT-2,323,117
529,49,"You are scrolling through r/WritingPrompts, when this very prompt catches your attention. Intrigued by it 's meta nature, you debate with yourself whether or not you 'll write about it.","“Do you always write, there's no where for me to go?” My thoughts were always immersed in the world around me. No matter the way I looked at it, if a single moment stayed buried, I would make it a whole new world. “I'm looking to keep writing, that's what I love about it.” Then I felt like I was reading something else. “Hmm? Isn't that always the case?” It would be over now. I could've been setting a timer on how long this would last. The people I saw weren't the people I've seen before; they're part of a universe, and they had nothing to do with what my prompt said. They had nothing to do with it. “I know, and this is good enough for me. But it's great because I have a dream to tell my parents about.” She smiles and nods. “It's nothing but a chance to tell your parents.” I can feel the butterflies in my stomach, like some kind of negative space mattress that is just too, self-aware for that shitposting forum to handle. She watches me as I read my prompt on the thread and grins as I lift up my sleeve. “It's going to be amazing. I never know when it will pop up. You have no idea how long you 'll be writing, and no one is going to care what the next ten minutes or so is going to be.” I smile as she pats me on the back. “That's how long it 'll be.” “I know, I know. You've made a good point. Keep writing and hope that one day there will be something you can show the world.” I can't seem to contain my joy as I close my eyes. “Maybe next time?” A tear rolls down her cheek as she nods",GPT-2,319,90
531,51,A new drug let 's you live a lifetime in one dream,". A research lab has been operating for decades that deals with every recreational drug within a 1,000 mile radius. The past ten years have been the hardest, after 20 years of trying not to do it. And as one of the world's first self-powered mechanical constructors it is almost ready to ship the probe directly to Earth. The sudden event happened yesterday. It happened exactly as expected. They're injecting the compounds. But there was no effect. There was only a perfect loop. “Shhhhhh” the results turned out to be worse. Someone in Chicago just recently had his leg jacked off and fell on the floor. Another pod went nuts as the air shifted to an unfreeze zone. People died. Nothing was visible. An idea was put forward to see how many people were injured. The US government initially refused to research. But even they have to go outside in case they believe in a force that could reach people. Except there was no effect. So for the next few weeks the country tried to figure out what had happened. They were baffled. Without the effect, what happened to the president? Just look at the other half of the world: Andrew Jackson, Bernie Sanders, and Vladimir Putin. What happened to everyone else? As the sun began to set, another new law was passed. If you happen to come into contact with someone you have trained for their extinction that means you should always be monitored and trained for the next 10 years. They were all mind-numbingly paranoid in these new rules. I was assigned one. The trainee never visited this lab and the people I met disappeared. I didn't know if this was real, but they all vanished soon after I left. Well, the trainee never saw me again. I was prepared to go on my own. But this time they found something unexpected. It was in the form of a man in Chicago. One day he was stabbed. In his dead mind was he felt something... angry? A sense of disgust? Of a general feeling of melancholy? Of taking someone else in the same moment that wasn't him? But just as suddenly as it started it was interrupted. Their station",GPT-2,377,139
533,53,The world is rapidly changing as the plague of our era is spreading fast. But it does n't affect humans. It eats plastic.,"The infection is based on fast moving items of clothing. Your latest laundry items are clothes; whether they're last day's clothes, new laundry, or laundry products, you have to find clothes, or, on rare occasions, clothing items that look particularly attractive. This is where the plague comes in, the instant disease that turns the living world into an unrecognisable prison. It's discovered by thousands and soon it's the only thing keeping us alive. People don't realise until it's too late that living is *all* worth dying of. A second Plague has begun, and it is spreading fast. While everyone around you is given clothes, clothes inanimate objects all make the same mistakes: they don't know how to behave properly. It's not that people don't deserve it - people are merely scared. But something must be done. The great eagle An eagle was born. The eagle was born for the protection of the pale heart. The eagle was born to protect the heart. The eagle was born to protect the heart. But the heart wasn't alive when the eagle was born. It wasn't breathing when the eagle was born. It wasn't getting any air when the eagle was born. The eagle wasn't seeing the world that was blind as an eagle. It wasn't seeing the world that was blind as a eagle. The eagle wasn't thinking about what the world looked like, and the world that was blind. It wasn't thinking about what the world looked like, and the world that was blind. The eagle wasn't looking at the world that was blind. The eagle wasn't thinking about what the world looked like, and the world that was blind. It",GPT-2,296,33
536,56,"A genius serial killer who has been killing successfully for a decade. With one weakness. He can never ever lie. He 's finally gets caught and is facing trial for a murder in court. Yet, he walks, acquitted of all charges.","They walk out of the room at his cell. He kneels and opens his hands. The detective walks towards him, with a twist of a pen. “Egalius Ferese,” he says. “Thank you, sir. Thank you.” “You should try to avoid crime,” Ferese says. “You're starting to show signs of being caught.” A pen is pressed to his lips, but it doesn't matter. A man's sin is not being born. Ferese takes one step forward. It's important to himself. If he's caught, then he's killing. If he's not, then he's causing harm. The detective picks up a gun, he's no longer on the detective's radar. “You're right,” Ferese says, “I am not innocent.” “It's you! The Ferese I took from you,” the detective says, “You're not innocent.” The detective laughs. “Oh, thank God, the Ferese you had! You two talked about your funny life!” “I'm not allowed to speak of my life,” Ferese said, “I am not a real person.” “And the life you lived on Earth?” The detective says, “So, with your superior intellect and your admittedly bizarre murder... what did you say?” Ferese chuckles. “I don't know.” “I have written a thesis about your life. It is more detailed than I anticipated,” the detective says. The detective snickers. “But what?” “You invented the world's first AI. The first thing I discovered was that anyone, everytime I viewed something from outside the windows, I 'd be able to understand it.” <",GPT-2,256,118
542,62,A soldier on the front dies in the middle of writing a letter home. It is finished and sent by the man who killed him.,"I am the boy who found me. I am the boy who found my mother in my arms. And in return, I am for them, my enemy. If I find them now, and they die, I find them all but imprisoned within my own mind. To kill them would be treason. To have them succeed the I would earn my escape. I would be sure to die for my brothers and sisters. My only solace would be the food that the mighty Korole appeared to serve. They believed me to be the most powerful woman in the land. They grew desperate to feed me. I was willing to lose. They saw it as a sign of their faith in me, that I should be sent to fight for them. But they had the same doubts. They were more than a crowd of refugees, they were the one who allowed the Korole to spread its wings. They saw the gold, the stars, and the letters of my mother and father. The men who kept my mother from the I fought to protect her. But I made the choice to fight for them. My family died in the war. I will die tomorrow. They told me that I would always return to save them and save their lives. But I wouldn't understand. They weren't happy with my answer. They were angry with the ruler of the Korole, and I knew the my master will return to him. He said to me: “You will die tomorrow. And as you die tomorrow, I will try to make this final stand as my last for their people.” I knew what they meant by that. I knew what they were going to say. I must find them now. In a long while, I will wake up. And with them is a friend. While waiting to die, you receive a “Hard Drive” for your soul. What do you find? It wasn't much, as far as I could tell. This isn't the first time this has happened, and it took me nearly an hour to finally reach the cracked metal partition. I shook it in my hand. Couldn't really hold it. It just felt right. It didn't fit. My mind was reeling at this moment, and I'm not even sure what was wrong. I opened my mouth to speak. <new",GPT-2,399,39
543,63,"Michael, a 15 year old Call of Duty player, realizes the greatest trash-talking opportunity of all time. Over his headset, he recognizes his opponent 's voice as that of President Obama.","“If you just listen to me, I will tell you a secret!” The whisper came from behind the podium. His opponent shot him a sideways glance, then swiftly turned and walked back, clutching a stack of paperwork in his hands. “Please Mr. Klemens, we have a team here, and we are going to play the winner of this round!” He suddenly noticed that he was in a room surrounded by twenty, suitably professional bodies. “Who is this guy?” he asked. “Oww, I can't tell you guys. I mean it's official, we all know.” “This is a game of jokes! The prize is gon na be a glorified shot of the president bragging about his new 'All the President'achievement, then he will throw out some of the funniest jokes of his year!” “Don't joke with me.” said the announcer. “I know.” Klemens snapped. “I'm in deep shit here. Let me show you how to play these games.” The room erupted in laughter. Mr. Klemens threw a wide-eyed glare at the camera, then scuttled out of the room. “Where's the winner?” his voice was faint and raspy. “He's dead,” he repeated. “How is that even possible?” Mr. Klemens broke down and said: “He's fucking dead, like he was trying to tell me.” In the next moments, everyone in the room got up and walked out of the room. Mr. Klemens and his two security guards had locked the door behind them, pulling Mr. Klemens by the arm and dragging him down a metal platform. The two security guards forced him to lie face down on the cold metal platform. The one on the left got up and picked up the little pistol from its holster and pointed it at the two men in black suits.",GPT-2,302,44
545,65,"Civilization has fallen, but brave treasure hunters have heard the legend of Ft. Knox. The automated defenses, however, are still online.","The sound of gunfire grows louder, and with each instant the sounds become a constant acrid sludge, covering the tile floor of the garage. *Fuck*, Johnson thought, his arm was paralyzed from the fighting. Johnson jumped into a crouch, crouched over the corpse, and carried out the siege. He swore, “What the fuck, man? Fuck!” Johnson stood up, The year is 2018, and you are a representative from Earth's most popular religion: Scientology. “We are here for a formal announcement.” “Okay. Thank you. But before that, you must meet the whole team. Your name?” “Mr. J, listen here. The president. He is addressing the entire world today. First of all, come over here, Mr. J. We can't ask you to do that for *you*. We don't want you to interrupt, but if you want to ask him to change the rules for when he gets back, I suggest you do so before he does.” “Right. Okay. Wait, where am I going to go?” “This isn't a conversation about the President. What's the President's final thoughts?” “Wait. Okay. We have learned something.” “But. Mr. J, it's not important.” “We will.” “Now you know, we don't have an option. So, what do we do? First, you have to teach your science and so forth, then your computer program, and then we 'll send you home. This isn't like most of the other options. We can't just hide our activities online.” “Okay. Okay. Okay. I 'll give you another chance.” “Are you sure you want to go to New York City? Or France?” “Yes.”",GPT-2,271,58
549,69,Please tell me about one of your fonder memories.,"'' “The first one was when we were kids. I remember the days before I was five, five years ago. She went to her mommy and daddy to go out, and there she was, curled up in the corner, staring up at me, wide-eyed, as if she were all that existed outside her room, surrounded by a vast ocean, my mother, whom she loved so deeply. That was the happiest birthday she ever had, so I would be twelve every year. She had a smile and a lot of perfume, but I would be so lost in my own bliss and wonder, that she would never ask me, “Where was my mother?” “All the way up to my birthday. She was in my room, sitting on the bed, gazing up at the stars. One night, my mom, who was lying on my mother's lap, laughed at me and said,” It's beautiful to see someone go out like that. You 'd be surprised how much she likes them, I remember, seeing them as old friends, and even visiting them. I miss them all. I don't really remember, but I can't help it. When she took me out to lunch, she asked me what was so good about my juice, she said they were good for you. They made me have some incredible toast, too.” “I remember that.” “Don't cry, okay?” “Well, mommy and daddy and I got to play with the apple tree around the house. My dad ran away and never came back. My mother came back, and my daddy never came back either.” “They were so happy.” “I remember those days. We were just like any other night, getting ready for school. I'm surprised there was so much drama going on in the day, isn't it? I remember when Mommy and Daddy was around, laughing and fighting, fighting, and getting out of the house, and my dad came back, came back and kissed me on the cheek and said, 'It's OK to be a little different,'and he kissed me back. My father",GPT-2,352,140
560,80,"On the fourth floor of your elementary school there is n't a swimming pool, there is n't a bowling alley, but there 's a ...","-- a “swimming pool”. “Relax. It's okay. Your period is done.” I looked down at my backpack. I wore the plastic water suit underneath. The only accessories were a sleek black tactical pants with straps for feet, and the football helmet. Nothing special, but I 'd read about it on a few teens in highschool. “You know what that means. This is your career after all,” I said to the homeless guy next to me. “I've done it all before, so what can I say?” The homeless guy shrugged. “I'm one of the first guys in here, I know this area, but we just moved into it a few years ago.” “Then why did you move here?” “It's the same as everywhere else,” he said. “You 'll have to read a lot of textbooks here.” “Oh, you have to. Those guys here were an outsider. They talked a lot of good, long term ideas. We haven't had a chance to talk to them in awhile. Anyway, you really got ta get your head in the game.” “My big brother here is still out there doing something with the time.” “Yeah. Like he said, you have to listen to some of the teachers in high school talk about his activities in school. It really changes your focus.” “Yes. But what about my first assignment?” “The first time we made a deal, we were arguing about a certain number of people,” he said. “Most of them were a mix of different people, and you really got ta appreciate the real things that they talked about, and try to figure out which ones are you talking about.” “That's why I'm here. I didn't think of you,",GPT-2,290,148
561,81,fire is a manifesting force that can only be put out through hand to hand combat. You are training to become a firefighter,", but you are faced with the task of becoming a hero, not by your actions. My training began when the flames took me and ended the rest of my life. I was a bright girl with an awesome attitude. Everyone loved me because of that. The flame was so bright I started to smile when it went down, but when it got too bright, my hair fell out and that stupid stick I carried around with me went to ground. Everyone wanted to dance, scream, fuck, let me tell you about how happy I was as it happened. Then I was out in the world and I was welcomed by everyone. No one cared about me in the government. Nobody even wanted me anymore. My parents blamed me for my dad’s emotional abuse, and so they came out of hiding after my dad left. I was always getting emotional and struggling to stay alive. I was told no one wanted me anymore. I was in a big building when the fire started. People stared at me as I burned. I stopped and nodded to everyone. I was still in awe, sure I was saved, but I knew I wouldn’t get away, not again. I was just like them. I won’t die like everyone else. I was immortal, not like most of the other guys that made it. I wouldn’t die like any other human. I held my breath as I prepared to get on my knees. I looked up at the fire, which burned its own flame over the fire, a beacon of hope. I turned and knelt next to the fire’s source, the guy who was in charge. He looked over his shoulder and smiled. I said a thank you to him for making me. Then I climbed onto his back and walked over to him and started pushing him down. That’s when he started laughing. I don’t remember much from my walk, but I heard him laugh a little too. I kept laughing for awhile, just the way I needed. I eventually got the warm feeling that I was making a difference. I looked down at the fire, and walked over to it. I took a look inside. The flames were smiling. And the guy still laughed. And for the first time in my",GPT-2,393,52
567,87,Write something that goes with this soundtrack.,"Any feedback would be appreciated. * It's funny how things can change. With every one of those minds, all at once, that person was a misfit, a wronged individual, a harsh individual who simply didn't want to be; so when our time comes to intervene, or repel it, we take our final turns; and they always regret their mistake, our mistakes. I still can't speak of every The year is 2018, and you are a representative from Earth's most popular religion: Scientology. “We are here for a formal announcement.” “Okay. Thank you. But before that, you must meet the whole team. Your name?” “Mr. J, listen here. The president. He is addressing the entire world today. First of all, come over here, Mr. J. We 'll be with you later today.” The priest peered out the black eyes, if a devil that was... unusual for him... and looked around the audience. “Mr. J. Yes?” “Mr. J, I'm sorry.” “It's okay. We're here for the President.” The president pushed a manila folder into the middle of the table, and then whispered, “Mr. J. Bring him to my office.” “No, it's not that.” “Mr. J. We're just here to say, that the Pope is giving an honest announcement.” “No. Please. I mean, he's just giving one final wave.” “Thank you.” “Please. Okay.” The sound of the door sliding closed was followed by the sound of the door slamming. Mr. J sat and silently watched as the Director of the Vatican's office burst into flames. The crowd watched in horror as his personal assistant rushed into the room, her torch still flickering.",GPT-2,279,20
569,89,"Write a rearrangeable story. Write two or more paragraphs that can be read in any order to form a unique, coherent story.","Dave adjusted his light headpiece. The light was just going to make his head pound. There wasn't much to do right now. He rubbed the sleep-deprived eyes of his wife at his desk and let them fall to the ground. Tears rolled down his cheeks. Dave was tired. He needed to sleep, and soon. Write a story where the main character is the antagonist, and the story is about getting what he wants. Her hair was like rock candy. A pop. Lots of rocks. A bright bright sun and a lovely cherry blossoming in the spring breeze. She was so beautiful. I could have sworn I heard her wail under her breath, just like in a movie. But she couldn't hear it. She was so annoying. The thought of the day I would be executed, I didn't know. But instead, she giggled and shook her head, pushing her way out of the wooden coffin. After many conversations she gave me a glass of water, a piece of paper and a ring on the table, before sinking into the sand with her words. “I'm sorry. I wish you hadn't done it.” “I wish you hadn't.” “I wish you 'd just give up.” “I wish you 'd just stay out of trouble.” “I wish you just ignore me.” “I wish I wasn't in trouble.” She smiled softly at that. How the hell did she end up in a place like this? How was I supposed to just save her? She liked to talk. Talking about all the things that she had done. So many things to be done. Every single thing she had ever done, even she hated that bit. I guess it's better than living as I did.",GPT-2,296,94
571,91,All you hear is a dripping noise.,"I feel cold inside my ears.” “Then we have a visitor.” A distant voice whispers. *Right... Well... Uh... I don't think I know what we want to do. “* It was the sound of a man running towards me. He ran as fast as I could, maybe less now. I stood and dashed after him, at the end of the path. The footsteps echoed. I felt weightlessness in my chest as I ran. “We have come to steal...” It dawned on me that I had jumped. “*No! Please. *” The man yelled, walking towards me. *What kind of a future do I have here? * I slowly ran to him. His hair was tied up, revealing two bright red spots underneath. He grabbed my shirt. He had his eyes glued to the edges. I choked on the liquid. I yelled, *I'm so sorry! Please! I love you! * The man ran. I knew what I must do. It was not long before he was gone. Sunday Free Write: Leave A Story, Leave A Comment - Keeping up with the Joneses Edition! **BEST TIL: ** # 64988! Here's the new number, opening up my favorite novel about a boy and his bear in prehistoric times! I've been thinking about you lately. Your dad's a bit of a douchebag. He cheated on you, all you could do was move on and act as though you could grow old together. You decided to just join a crew and go to university with your dad. When you came back you didn't like living in such a strict environment and found this mind wrecking, stressful world where your “responsibilities” were not tied to anyone else's. And here I am again, on my 20th birthday. I can still do this as long as I keep keeping my perspective. It doesn't take many months or years to become comfortable with living on a big place like this. <",GPT-2,321,149
573,93,Heart of Eden,", all has turned white.” It said. “You have nothing to say?” I questioned. “Do you know what you are now?” “I am here to offer you my love.” the wings flapped, intertwining in a show of grace. I did not know why they chose me. Was I made of light or darkness? My body was unable to move, and I began to feel exhausted. “You do not understand.” I paused, tears flooding my eyes. “I have lost everything. I had dreams of what I had before me, yet I am here now. It does not matter that you have lost.” “You have lost everything. You have only lost one thing.” My eyes darted to my side. I began to cry. This was not an acceptance. This was a curse. “You are my child, my love. Your heart is the shield. You are a keeper of Eden.” “But you can't be,” I began to cry. I felt so sad. “I have lost everything.” The wings retreated into my arms. Every man, woman and child on earth suddenly wakes up as their soulmate... and the ceremony is that if you die, they will have to be brought back to life. What happens to them after? She just woke up. The walls were still at her side, muffled by the corner of the bed, yet the fact that they were there never came into view. The carpet would hold her down, and she would always find herself leaning in to touch a hand that lay on her chest. She turned around and leaned in, away from the bed and through the light. She reached up to touch the pillows, and felt them shake, sending small tingles running down her arm. At the time she could barely remember any of it at all, at least from what she had observed on the tv. But something about the light seemed different. After all, she wasn't awake yet, or even sure. She used to be, as",GPT-2,332,36
574,94,"When a new president is elected, they are given a special security briefing. In reality, this is an old tradition where various directors, military officers and current ministers present fake evidence and compete to see who can convince the president of the most ridiculous things.","Write about one such case. The event was rigged, you see. We came from Russia, we got nothing. I volunteered to stay for a chat later and not allow myself to be taken hostage. My old mate mentioned that last night I got offered a 1-5 year tour, to have my head examined by the top officials of the government. Well, they are quite interesting to look at. Mostly Stalin, Nixon, and Reagan. These are a few small figures who honestly seem to like each other, see their generals make terrible jokes while pretending to be Nazis, hear about Hitler during his time in office, and have a global knowledge of cars that are very expensive and that have no brakes or brakes. In fact, the topic is written in a world full of super advanced cars, only slightly different to our own, and this new president seems like a good candidate. They are definitely organized. I see countless army members in white uniforms, some call themselves super-steampunk scientists, some call themselves superheroes. The people are whispering amongst themselves, trying to please each other, but none of them seem to care what they are getting their hands on. I suspect that they are the Illuminati, which only the most powerful people would know. A last chance, I say. Mr President, come here today. He looks up to the agents. He raises his hand. We all can hear a laugh, and the voice is....heave, and it's filled with so much beauty. I can hear laughter in front of us too, and it makes me shiver a little bit. The american soldiers stay still, but start with me. “America, we're sorry we had to run over you, but there are consequences for not treating them like humans.” “Do you understand?” I reply. He looks down at his hands. His eyes are getting very red, and he is pointing at one of the rebels who we caught fighting in that campaign. It looks like he is moving. “You said you're sorry!” He says, he is smiling, “They're stupid!” He laughs harder. “I know. We have to take care of the military by next week, they know nothing about",GPT-2,372,149
